Country,Date,Vaccine,Total Vaccinations
Austria,2021-01,Johnson&Johnson,4
Austria,2021-01,Moderna,4788
Austria,2021-01,Novavax,0
Austria,2021-01,Oxford/AstraZeneca,0
Austria,2021-01,Pfizer/BioNTech,624094
Austria,2021-02,Johnson&Johnson,5
Austria,2021-02,Moderna,53505
Austria,2021-02,Novavax,0
Austria,2021-02,Oxford/AstraZeneca,156284
Austria,2021-02,Pfizer/BioNTech,1928666
Austria,2021-03,Johnson&Johnson,110
Austria,2021-03,Moderna,264861
Austria,2021-03,Novavax,0
Austria,2021-03,Oxford/AstraZeneca,1088724
Austria,2021-03,Pfizer/BioNTech,3679196
Austria,2021-04,Johnson&Johnson,1336
Austria,2021-04,Moderna,1112284
Austria,2021-04,Novavax,0
Austria,2021-04,Oxford/AstraZeneca,2916445
Austria,2021-04,Pfizer/BioNTech,8863237
Austria,2021-05,Johnson&Johnson,86469
Austria,2021-05,Moderna,1750192
Austria,2021-05,Novavax,0
Austria,2021-05,Oxford/AstraZeneca,3502858
Austria,2021-05,Pfizer/BioNTech,12546926
Austria,2021-06,Johnson&Johnson,348260
Austria,2021-06,Moderna,2675143
Austria,2021-06,Novavax,0
Austria,2021-06,Oxford/AstraZeneca,4712378
Austria,2021-06,Pfizer/BioNTech,19200610
Austria,2021-07,Johnson&Johnson,868778
Austria,2021-07,Moderna,4521415
Austria,2021-07,Novavax,0
Austria,2021-07,Oxford/AstraZeneca,7435833
Austria,2021-07,Pfizer/BioNTech,32892377
Austria,2021-08,Johnson&Johnson,963165
Austria,2021-08,Moderna,4043700
Austria,2021-08,Novavax,0
Austria,2021-08,Oxford/AstraZeneca,6303467
Austria,2021-08,Pfizer/BioNTech,30240287
Austria,2021-09,Johnson&Johnson,1177474
Austria,2021-09,Moderna,4144420
Austria,2021-09,Novavax,0
Austria,2021-09,Oxford/AstraZeneca,6333340
Austria,2021-09,Pfizer/BioNTech,31636736
Austria,2021-10,Johnson&Johnson,1650129
Austria,2021-10,Moderna,5310309
Austria,2021-10,Novavax,0
Austria,2021-10,Oxford/AstraZeneca,7930700
Austria,2021-10,Pfizer/BioNTech,41996221
Austria,2021-11,Johnson&Johnson,1397760
Austria,2021-11,Moderna,4611461
Austria,2021-11,Novavax,0
Austria,2021-11,Oxford/AstraZeneca,6349320
Austria,2021-11,Pfizer/BioNTech,39011846
Austria,2021-12,Johnson&Johnson,1788166
Austria,2021-12,Moderna,7079872
Austria,2021-12,Novavax,0
Austria,2021-12,Oxford/AstraZeneca,7940135
Austria,2021-12,Pfizer/BioNTech,62088963
Austria,2022-01,Johnson&Johnson,1449796
Austria,2022-01,Moderna,6148546
Austria,2022-01,Novavax,0
Austria,2022-01,Oxford/AstraZeneca,6352594
Austria,2022-01,Pfizer/BioNTech,55153127
Austria,2022-02,Johnson&Johnson,1453410
Austria,2022-02,Moderna,6311547
Austria,2022-02,Novavax,14
Austria,2022-02,Oxford/AstraZeneca,6352825
Austria,2022-02,Pfizer/BioNTech,57660263
Austria,2022-03,Johnson&Johnson,1454083
Austria,2022-03,Moderna,6336824
Austria,2022-03,Novavax,11805
Austria,2022-03,Oxford/AstraZeneca,6352880
Austria,2022-03,Pfizer/BioNTech,58244796
Belgium,2021-01,Johnson&Johnson,0
Belgium,2021-01,Moderna,10954
Belgium,2021-01,Novavax,0
Belgium,2021-01,Oxford/AstraZeneca,0
Belgium,2021-01,Pfizer/BioNTech,740119
Belgium,2021-02,Johnson&Johnson,0
Belgium,2021-02,Moderna,106138
Belgium,2021-02,Novavax,0
Belgium,2021-02,Oxford/AstraZeneca,57587
Belgium,2021-02,Pfizer/BioNTech,2573618
Belgium,2021-03,Johnson&Johnson,0
Belgium,2021-03,Moderna,313344
Belgium,2021-03,Novavax,0
Belgium,2021-03,Oxford/AstraZeneca,1121189
Belgium,2021-03,Pfizer/BioNTech,4255809
Belgium,2021-04,Johnson&Johnson,3163
Belgium,2021-04,Moderna,1074034
Belgium,2021-04,Novavax,0
Belgium,2021-04,Oxford/AstraZeneca,3667503
Belgium,2021-04,Pfizer/BioNTech,10870835
Belgium,2021-05,Johnson&Johnson,181635
Belgium,2021-05,Moderna,1842292
Belgium,2021-05,Novavax,0
Belgium,2021-05,Oxford/AstraZeneca,4965897
Belgium,2021-05,Pfizer/BioNTech,16072683
Belgium,2021-06,Johnson&Johnson,710484
Belgium,2021-06,Moderna,3221146
Belgium,2021-06,Novavax,0
Belgium,2021-06,Oxford/AstraZeneca,7216064
Belgium,2021-06,Pfizer/BioNTech,25818390
Belgium,2021-07,Johnson&Johnson,1528606
Belgium,2021-07,Moderna,5807386
Belgium,2021-07,Novavax,0
Belgium,2021-07,Oxford/AstraZeneca,12037295
Belgium,2021-07,Pfizer/BioNTech,46136191
Belgium,2021-08,Johnson&Johnson,1404473
Belgium,2021-08,Moderna,5207199
Belgium,2021-08,Novavax,0
Belgium,2021-08,Oxford/AstraZeneca,11215443
Belgium,2021-08,Pfizer/BioNTech,45426719
Belgium,2021-09,Johnson&Johnson,1503403
Belgium,2021-09,Moderna,5363211
Belgium,2021-09,Novavax,0
Belgium,2021-09,Oxford/AstraZeneca,11375832
Belgium,2021-09,Pfizer/BioNTech,47973505
Belgium,2021-10,Johnson&Johnson,1996267
Belgium,2021-10,Moderna,6830703
Belgium,2021-10,Novavax,0
Belgium,2021-10,Oxford/AstraZeneca,14230142
Belgium,2021-10,Pfizer/BioNTech,63305184
Belgium,2021-11,Johnson&Johnson,1666169
Belgium,2021-11,Moderna,5706572
Belgium,2021-11,Novavax,0
Belgium,2021-11,Oxford/AstraZeneca,11385873
Belgium,2021-11,Pfizer/BioNTech,53876919
Belgium,2021-12,Johnson&Johnson,2114245
Belgium,2021-12,Moderna,9579580
Belgium,2021-12,Novavax,0
Belgium,2021-12,Oxford/AstraZeneca,14233092
Belgium,2021-12,Pfizer/BioNTech,77215422
Belgium,2022-01,Johnson&Johnson,1698723
Belgium,2022-01,Moderna,14528130
Belgium,2022-01,Novavax,0
Belgium,2022-01,Oxford/AstraZeneca,11386685
Belgium,2022-01,Pfizer/BioNTech,66335384
Belgium,2022-02,Johnson&Johnson,1701467
Belgium,2022-02,Moderna,16887547
Belgium,2022-02,Novavax,0
Belgium,2022-02,Oxford/AstraZeneca,11386823
Belgium,2022-02,Pfizer/BioNTech,68647154
Belgium,2022-03,Johnson&Johnson,1702498
Belgium,2022-03,Moderna,17066507
Belgium,2022-03,Novavax,107
Belgium,2022-03,Oxford/AstraZeneca,11386861
Belgium,2022-03,Pfizer/BioNTech,69725662
Bulgaria,2021-01,Pfizer/BioNTech,96807
Bulgaria,2021-01,Moderna,2387
Bulgaria,2021-02,Moderna,22461
Bulgaria,2021-02,Oxford/AstraZeneca,128622
Bulgaria,2021-02,Pfizer/BioNTech,313141
Bulgaria,2021-03,Moderna,86733
Bulgaria,2021-03,Oxford/AstraZeneca,704005
Bulgaria,2021-03,Pfizer/BioNTech,642223
Bulgaria,2021-04,Moderna,380393
Bulgaria,2021-04,Oxford/AstraZeneca,1221413
Bulgaria,2021-04,Pfizer/BioNTech,1660809
Bulgaria,2021-04,Johnson&Johnson,0
Bulgaria,2021-05,Johnson&Johnson,9303
Bulgaria,2021-05,Moderna,615528
Bulgaria,2021-05,Oxford/AstraZeneca,1477484
Bulgaria,2021-05,Pfizer/BioNTech,2566753
Bulgaria,2021-06,Johnson&Johnson,88230
Bulgaria,2021-06,Moderna,835460
Bulgaria,2021-06,Oxford/AstraZeneca,1832151
Bulgaria,2021-06,Pfizer/BioNTech,3674190
Bulgaria,2021-07,Johnson&Johnson,293566
Bulgaria,2021-07,Moderna,1234929
Bulgaria,2021-07,Oxford/AstraZeneca,2373885
Bulgaria,2021-07,Pfizer/BioNTech,5654107
Bulgaria,2021-08,Johnson&Johnson,442495
Bulgaria,2021-08,Moderna,1088503
Bulgaria,2021-08,Oxford/AstraZeneca,1908837
Bulgaria,2021-08,Pfizer/BioNTech,5318856
Bulgaria,2021-09,Johnson&Johnson,674632
Bulgaria,2021-09,Moderna,1170338
Bulgaria,2021-09,Oxford/AstraZeneca,1911940
Bulgaria,2021-09,Pfizer/BioNTech,5980800
Bulgaria,2021-10,Johnson&Johnson,1181739
Bulgaria,2021-10,Moderna,1555434
Bulgaria,2021-10,Oxford/AstraZeneca,2391846
Bulgaria,2021-10,Pfizer/BioNTech,8231150
Bulgaria,2021-11,Johnson&Johnson,1548813
Bulgaria,2021-11,Moderna,1385951
Bulgaria,2021-11,Oxford/AstraZeneca,1913896
Bulgaria,2021-11,Pfizer/BioNTech,7672202
Bulgaria,2021-12,Johnson&Johnson,2248320
Bulgaria,2021-12,Moderna,1989486
Bulgaria,2021-12,Oxford/AstraZeneca,2392370
Bulgaria,2021-12,Pfizer/BioNTech,11219615
Bulgaria,2022-01,Johnson&Johnson,1945714
Bulgaria,2022-01,Moderna,1831516
Bulgaria,2022-01,Oxford/AstraZeneca,1913964
Bulgaria,2022-01,Pfizer/BioNTech,10421479
Bulgaria,2022-02,Johnson&Johnson,2016611
Bulgaria,2022-02,Moderna,1934240
Bulgaria,2022-02,Oxford/AstraZeneca,1914090
Bulgaria,2022-02,Pfizer/BioNTech,11153234
Bulgaria,2022-03,Johnson&Johnson,1531222
Bulgaria,2022-03,Moderna,1471420
Bulgaria,2022-03,Oxford/AstraZeneca,1435621
Bulgaria,2022-03,Pfizer/BioNTech,8527399
Croatia,2021-01,Pfizer/BioNTech,243988
Croatia,2021-01,Moderna,7088
Croatia,2021-01,Oxford/AstraZeneca,4
Croatia,2021-02,Johnson&Johnson,6
Croatia,2021-02,Moderna,40197
Croatia,2021-02,Oxford/AstraZeneca,83289
Croatia,2021-02,Pfizer/BioNTech,548679
Croatia,2021-03,Johnson&Johnson,112
Croatia,2021-03,Moderna,152774
Croatia,2021-03,Oxford/AstraZeneca,506423
Croatia,2021-03,Pfizer/BioNTech,938988
Croatia,2021-04,Johnson&Johnson,1266
Croatia,2021-04,Moderna,513808
Croatia,2021-04,Oxford/AstraZeneca,1150939
Croatia,2021-04,Pfizer/BioNTech,2121717
Croatia,2021-05,Johnson&Johnson,32672
Croatia,2021-05,Moderna,739003
Croatia,2021-05,Oxford/AstraZeneca,1478958
Croatia,2021-05,Pfizer/BioNTech,3983935
Croatia,2021-06,Johnson&Johnson,77526
Croatia,2021-06,Moderna,1008818
Croatia,2021-06,Oxford/AstraZeneca,1863152
Croatia,2021-06,Pfizer/BioNTech,6291705
Croatia,2021-07,Johnson&Johnson,198241
Croatia,2021-07,Moderna,1488681
Croatia,2021-07,Oxford/AstraZeneca,2659667
Croatia,2021-07,Pfizer/BioNTech,10516103
Croatia,2021-08,Johnson&Johnson,258114
Croatia,2021-08,Moderna,1265062
Croatia,2021-08,Oxford/AstraZeneca,2230811
Croatia,2021-08,Pfizer/BioNTech,9277910
Croatia,2021-09,Johnson&Johnson,341028
Croatia,2021-09,Moderna,1304343
Croatia,2021-09,Oxford/AstraZeneca,2246889
Croatia,2021-09,Pfizer/BioNTech,9745922
Croatia,2021-10,Johnson&Johnson,550763
Croatia,2021-10,Moderna,1679853
Croatia,2021-10,Oxford/AstraZeneca,2822894
Croatia,2021-10,Pfizer/BioNTech,12817033
Croatia,2021-11,Johnson&Johnson,613482
Croatia,2021-11,Moderna,1469968
Croatia,2021-11,Oxford/AstraZeneca,2265982
Croatia,2021-11,Pfizer/BioNTech,11480519
Croatia,2021-12,Johnson&Johnson,931414
Croatia,2021-12,Moderna,2156485
Croatia,2021-12,Oxford/AstraZeneca,2837140
Croatia,2021-12,Pfizer/BioNTech,16745828
Croatia,2022-01,Johnson&Johnson,777937
Croatia,2022-01,Moderna,1953410
Croatia,2022-01,Oxford/AstraZeneca,2271019
Croatia,2022-01,Pfizer/BioNTech,14948171
Croatia,2022-02,Johnson&Johnson,796546
Croatia,2022-02,Moderna,2019275
Croatia,2022-02,Oxford/AstraZeneca,2271509
Croatia,2022-02,Pfizer/BioNTech,15531523
Croatia,2022-03,Johnson&Johnson,803729
Croatia,2022-03,Moderna,2033366
Croatia,2022-03,Oxford/AstraZeneca,1703692
Croatia,2022-03,Pfizer/BioNTech,15668545
Croatia,2022-03,Novavax,479
Cyprus,2021-01,Pfizer/BioNTech,47817
Cyprus,2021-01,Moderna,630
Cyprus,2021-02,Pfizer/BioNTech,174832
Cyprus,2021-02,Moderna,2113
Cyprus,2021-02,Oxford/AstraZeneca,24846
Cyprus,2021-03,Moderna,14104
Cyprus,2021-03,Oxford/AstraZeneca,159452
Cyprus,2021-03,Pfizer/BioNTech,316950
Cyprus,2021-04,Moderna,47874
Cyprus,2021-04,Oxford/AstraZeneca,341855
Cyprus,2021-04,Pfizer/BioNTech,675140
Cyprus,2021-04,Johnson&Johnson,1188
Cyprus,2021-05,Johnson&Johnson,13573
Cyprus,2021-05,Moderna,131637
Cyprus,2021-05,Oxford/AstraZeneca,529650
Cyprus,2021-05,Pfizer/BioNTech,1212013
Cyprus,2021-06,Moderna,236145
Cyprus,2021-06,Oxford/AstraZeneca,764553
Cyprus,2021-06,Pfizer/BioNTech,1833617
Cyprus,2021-06,Johnson&Johnson,33075
Cyprus,2021-07,Johnson&Johnson,80769
Cyprus,2021-07,Moderna,372875
Cyprus,2021-07,Oxford/AstraZeneca,1199297
Cyprus,2021-07,Pfizer/BioNTech,2909615
Cyprus,2021-08,Johnson&Johnson,76018
Cyprus,2021-08,Moderna,320418
Cyprus,2021-08,Oxford/AstraZeneca,1007453
Cyprus,2021-08,Pfizer/BioNTech,2739955
Cyprus,2021-09,Johnson&Johnson,80917
Cyprus,2021-09,Moderna,336705
Cyprus,2021-09,Oxford/AstraZeneca,1011787
Cyprus,2021-09,Pfizer/BioNTech,2950674
Cyprus,2021-10,Johnson&Johnson,104636
Cyprus,2021-10,Moderna,439230
Cyprus,2021-10,Oxford/AstraZeneca,1270931
Cyprus,2021-10,Pfizer/BioNTech,3945183
Cyprus,2021-11,Johnson&Johnson,85914
Cyprus,2021-11,Moderna,371947
Cyprus,2021-11,Oxford/AstraZeneca,1017482
Cyprus,2021-11,Pfizer/BioNTech,3380966
Cyprus,2021-12,Johnson&Johnson,123036
Cyprus,2021-12,Moderna,563248
Cyprus,2021-12,Oxford/AstraZeneca,1272324
Cyprus,2021-12,Pfizer/BioNTech,5064806
Cyprus,2022-01,Johnson&Johnson,110529
Cyprus,2022-01,Moderna,665015
Cyprus,2022-01,Oxford/AstraZeneca,1018033
Cyprus,2022-01,Pfizer/BioNTech,4486721
Cyprus,2022-02,Johnson&Johnson,117399
Cyprus,2022-02,Moderna,724226
Cyprus,2022-02,Oxford/AstraZeneca,1018088
Cyprus,2022-02,Pfizer/BioNTech,4671344
Cyprus,2022-03,Johnson&Johnson,89761
Cyprus,2022-03,Moderna,556466
Cyprus,2022-03,Oxford/AstraZeneca,763578
Cyprus,2022-03,Pfizer/BioNTech,3554939
Cyprus,2022-03,Novavax,59
Czechia,2020-12,Pfizer/BioNTech,34411
Czechia,2021-01,Moderna,94124
Czechia,2021-01,Pfizer/BioNTech,3954696
Czechia,2021-02,Moderna,663685
Czechia,2021-02,Pfizer/BioNTech,12673627
Czechia,2021-02,Oxford/AstraZeneca,192219
Czechia,2021-03,Moderna,3062868
Czechia,2021-03,Oxford/AstraZeneca,4490643
Czechia,2021-03,Pfizer/BioNTech,29852489
Czechia,2021-03,Johnson&Johnson,981
Czechia,2021-04,Johnson&Johnson,22695
Czechia,2021-04,Moderna,7668968
Czechia,2021-04,Oxford/AstraZeneca,9212514
Czechia,2021-04,Pfizer/BioNTech,55668268
Czechia,2021-05,Johnson&Johnson,735241
Czechia,2021-05,Moderna,12769266
Czechia,2021-05,Oxford/AstraZeneca,14167136
Czechia,2021-05,Pfizer/BioNTech,104465195
Czechia,2021-06,Johnson&Johnson,2143806
Czechia,2021-06,Moderna,18447370
Czechia,2021-06,Oxford/AstraZeneca,19828532
Czechia,2021-06,Pfizer/BioNTech,167013968
Czechia,2021-07,Johnson&Johnson,3467237
Czechia,2021-07,Moderna,24962346
Czechia,2021-07,Oxford/AstraZeneca,25154108
Czechia,2021-07,Pfizer/BioNTech,239397990
Czechia,2021-08,Johnson&Johnson,5488795
Czechia,2021-08,Moderna,27428439
Czechia,2021-08,Oxford/AstraZeneca,27191237
Czechia,2021-08,Pfizer/BioNTech,282437236
Czechia,2021-09,Johnson&Johnson,6681513
Czechia,2021-09,Moderna,27463830
Czechia,2021-09,Oxford/AstraZeneca,26562621
Czechia,2021-09,Pfizer/BioNTech,290805877
Czechia,2021-10,Johnson&Johnson,7879187
Czechia,2021-10,Moderna,29084807
Czechia,2021-10,Oxford/AstraZeneca,26589239
Czechia,2021-10,Pfizer/BioNTech,308430989
Czechia,2021-11,Johnson&Johnson,10318617
Czechia,2021-11,Moderna,30541463
Czechia,2021-11,Oxford/AstraZeneca,25714240
Czechia,2021-11,Pfizer/BioNTech,320010465
Czechia,2021-12,Johnson&Johnson,11663844
Czechia,2021-12,Moderna,38290498
Czechia,2021-12,Oxford/AstraZeneca,21285002
Czechia,2021-12,Pfizer/BioNTech,377002192
Czechia,2022-01,Johnson&Johnson,12687029
Czechia,2022-01,Moderna,45209361
Czechia,2022-01,Pfizer/BioNTech,423620153
Czechia,2022-01,Oxford/AstraZeneca,21288901
Czechia,2022-02,Johnson&Johnson,11531203
Czechia,2022-02,Moderna,43726704
Czechia,2022-02,Pfizer/BioNTech,403712958
Czechia,2022-02,Oxford/AstraZeneca,2661370
Czechia,2022-03,Johnson&Johnson,10310761
Czechia,2022-03,Moderna,45825451
Czechia,2022-03,Pfizer/BioNTech,422459838
Czechia,2022-03,Novavax,41996
Czechia,2022-03,Oxford/AstraZeneca,887126
Denmark,2020-12,Pfizer/BioNTech,9
Denmark,2021-01,Moderna,6275
Denmark,2021-01,Pfizer/BioNTech,695480
Denmark,2021-01,Johnson&Johnson,15
Denmark,2021-01,Oxford/AstraZeneca,28
Denmark,2021-02,Johnson&Johnson,15
Denmark,2021-02,Moderna,46396
Denmark,2021-02,Oxford/AstraZeneca,142081
Denmark,2021-02,Pfizer/BioNTech,1517508
Denmark,2021-03,Johnson&Johnson,243
Denmark,2021-03,Moderna,159093
Denmark,2021-03,Oxford/AstraZeneca,587091
Denmark,2021-03,Pfizer/BioNTech,2649068
Denmark,2021-04,Johnson&Johnson,1574
Denmark,2021-04,Moderna,552742
Denmark,2021-04,Oxford/AstraZeneca,759260
Denmark,2021-04,Pfizer/BioNTech,6303095
Denmark,2021-05,Johnson&Johnson,3362
Denmark,2021-05,Moderna,966288
Denmark,2021-05,Oxford/AstraZeneca,610432
Denmark,2021-05,Pfizer/BioNTech,9658632
Denmark,2021-06,Johnson&Johnson,124316
Denmark,2021-06,Moderna,1502525
Denmark,2021-06,Oxford/AstraZeneca,614523
Denmark,2021-06,Pfizer/BioNTech,14994264
Denmark,2021-07,Johnson&Johnson,228718
Denmark,2021-07,Moderna,3181367
Denmark,2021-07,Oxford/AstraZeneca,772004
Denmark,2021-07,Pfizer/BioNTech,27231314
Denmark,2021-08,Johnson&Johnson,185714
Denmark,2021-08,Moderna,3880531
Denmark,2021-08,Oxford/AstraZeneca,619527
Denmark,2021-08,Pfizer/BioNTech,26335696
Denmark,2021-09,Johnson&Johnson,186303
Denmark,2021-09,Moderna,4446404
Denmark,2021-09,Oxford/AstraZeneca,620400
Denmark,2021-09,Pfizer/BioNTech,27433314
Denmark,2021-10,Johnson&Johnson,233239
Denmark,2021-10,Moderna,5790257
Denmark,2021-10,Oxford/AstraZeneca,776168
Denmark,2021-10,Pfizer/BioNTech,35206431
Denmark,2021-11,Johnson&Johnson,186905
Denmark,2021-11,Moderna,4907320
Denmark,2021-11,Oxford/AstraZeneca,621434
Denmark,2021-11,Pfizer/BioNTech,29731266
Denmark,2021-12,Johnson&Johnson,234208
Denmark,2021-12,Moderna,6955680
Denmark,2021-12,Oxford/AstraZeneca,777644
Denmark,2021-12,Pfizer/BioNTech,43752713
Denmark,2022-01,Johnson&Johnson,187580
Denmark,2022-01,Moderna,6524959
Denmark,2022-01,Oxford/AstraZeneca,622667
Denmark,2022-01,Pfizer/BioNTech,40163320
Denmark,2022-02,Johnson&Johnson,187651
Denmark,2022-02,Moderna,6776479
Denmark,2022-02,Oxford/AstraZeneca,622739
Denmark,2022-02,Pfizer/BioNTech,40906454
Denmark,2022-03,Johnson&Johnson,187720
Denmark,2022-03,Moderna,6826257
Denmark,2022-03,Oxford/AstraZeneca,155689
Denmark,2022-03,Pfizer/BioNTech,41020209
Estonia,2021-01,Pfizer/BioNTech,95124
Estonia,2021-01,Moderna,1251
Estonia,2021-02,Moderna,9368
Estonia,2021-02,Pfizer/BioNTech,292957
Estonia,2021-02,Oxford/AstraZeneca,28531
Estonia,2021-03,Moderna,41327
Estonia,2021-03,Oxford/AstraZeneca,270389
Estonia,2021-03,Pfizer/BioNTech,524045
Estonia,2021-04,Moderna,133700
Estonia,2021-04,Oxford/AstraZeneca,642527
Estonia,2021-04,Pfizer/BioNTech,1148927
Estonia,2021-04,Johnson&Johnson,35
Estonia,2021-05,Johnson&Johnson,18455
Estonia,2021-05,Moderna,210535
Estonia,2021-05,Oxford/AstraZeneca,710764
Estonia,2021-05,Pfizer/BioNTech,1581209
Estonia,2021-06,Johnson&Johnson,71026
Estonia,2021-06,Moderna,327391
Estonia,2021-06,Oxford/AstraZeneca,842610
Estonia,2021-06,Pfizer/BioNTech,2282644
Estonia,2021-07,Johnson&Johnson,150400
Estonia,2021-07,Moderna,505081
Estonia,2021-07,Oxford/AstraZeneca,1177141
Estonia,2021-07,Pfizer/BioNTech,3639447
Estonia,2021-08,Johnson&Johnson,174282
Estonia,2021-08,Moderna,467004
Estonia,2021-08,Oxford/AstraZeneca,948205
Estonia,2021-08,Pfizer/BioNTech,3484348
Estonia,2021-09,Johnson&Johnson,189001
Estonia,2021-09,Moderna,544039
Estonia,2021-09,Oxford/AstraZeneca,949913
Estonia,2021-09,Pfizer/BioNTech,3846066
Estonia,2021-10,Johnson&Johnson,282918
Estonia,2021-10,Moderna,755684
Estonia,2021-10,Oxford/AstraZeneca,1187878
Estonia,2021-10,Pfizer/BioNTech,5183231
Estonia,2021-11,Johnson&Johnson,276267
Estonia,2021-11,Moderna,672497
Estonia,2021-11,Oxford/AstraZeneca,950613
Estonia,2021-11,Pfizer/BioNTech,4746017
Estonia,2021-12,Johnson&Johnson,370249
Estonia,2021-12,Moderna,959343
Estonia,2021-12,Oxford/AstraZeneca,1188429
Estonia,2021-12,Pfizer/BioNTech,6584167
Estonia,2022-01,Johnson&Johnson,306512
Estonia,2022-01,Moderna,867847
Estonia,2022-01,Oxford/AstraZeneca,950809
Estonia,2022-01,Pfizer/BioNTech,5688035
Estonia,2022-02,Johnson&Johnson,309817
Estonia,2022-02,Moderna,912022
Estonia,2022-02,Oxford/AstraZeneca,950845
Estonia,2022-02,Pfizer/BioNTech,5876223
Estonia,2022-02,Novavax,0
Estonia,2022-03,Johnson&Johnson,233261
Estonia,2022-03,Moderna,693907
Estonia,2022-03,Novavax,207
Estonia,2022-03,Oxford/AstraZeneca,713143
Estonia,2022-03,Pfizer/BioNTech,4457098
Finland,2021-01,Johnson&Johnson,0
Finland,2021-01,Moderna,4500
Finland,2021-01,Oxford/AstraZeneca,44
Finland,2021-01,Pfizer/BioNTech,377752
Finland,2021-02,Johnson&Johnson,0
Finland,2021-02,Moderna,40003
Finland,2021-02,Oxford/AstraZeneca,84417
Finland,2021-02,Pfizer/BioNTech,1252857
Finland,2021-03,Johnson&Johnson,0
Finland,2021-03,Moderna,162087
Finland,2021-03,Oxford/AstraZeneca,607845
Finland,2021-03,Pfizer/BioNTech,2341250
Finland,2021-04,Johnson&Johnson,0
Finland,2021-04,Moderna,513264
Finland,2021-04,Oxford/AstraZeneca,1437859
Finland,2021-04,Pfizer/BioNTech,5566615
Finland,2021-05,Johnson&Johnson,0
Finland,2021-05,Moderna,833928
Finland,2021-05,Oxford/AstraZeneca,1502201
Finland,2021-05,Pfizer/BioNTech,7935912
Finland,2021-06,Johnson&Johnson,0
Finland,2021-06,Moderna,1369172
Finland,2021-06,Oxford/AstraZeneca,1692884
Finland,2021-06,Pfizer/BioNTech,12006146
Finland,2021-07,Johnson&Johnson,0
Finland,2021-07,Moderna,2363471
Finland,2021-07,Oxford/AstraZeneca,2617828
Finland,2021-07,Pfizer/BioNTech,20648751
Finland,2021-08,Johnson&Johnson,0
Finland,2021-08,Moderna,2711684
Finland,2021-08,Oxford/AstraZeneca,2213006
Finland,2021-08,Pfizer/BioNTech,20633273
Finland,2021-09,Johnson&Johnson,0
Finland,2021-09,Moderna,3411190
Finland,2021-09,Oxford/AstraZeneca,2213820
Finland,2021-09,Pfizer/BioNTech,23614255
Finland,2021-10,Johnson&Johnson,0
Finland,2021-10,Moderna,4977598
Finland,2021-10,Oxford/AstraZeneca,2767992
Finland,2021-10,Pfizer/BioNTech,32124660
Finland,2021-11,Johnson&Johnson,0
Finland,2021-11,Moderna,4242696
Finland,2021-11,Oxford/AstraZeneca,2214820
Finland,2021-11,Pfizer/BioNTech,27349024
Finland,2021-12,Johnson&Johnson,0
Finland,2021-12,Moderna,5845869
Finland,2021-12,Oxford/AstraZeneca,2768886
Finland,2021-12,Pfizer/BioNTech,37679469
Finland,2022-01,Johnson&Johnson,0
Finland,2022-01,Moderna,6541206
Finland,2022-01,Oxford/AstraZeneca,2215129
Finland,2022-01,Pfizer/BioNTech,34395400
Finland,2022-02,Johnson&Johnson,0
Finland,2022-02,Moderna,7462495
Finland,2022-02,Oxford/AstraZeneca,2215140
Finland,2022-02,Pfizer/BioNTech,36334292
Finland,2022-03,Johnson&Johnson,0
Finland,2022-03,Moderna,7538893
Finland,2022-03,Oxford/AstraZeneca,2215140
Finland,2022-03,Pfizer/BioNTech,36865177
France,2020-12,Pfizer/BioNTech,7891
France,2021-01,Pfizer/BioNTech,19383755
France,2021-01,Moderna,432024
France,2021-02,Moderna,3659231
France,2021-02,Pfizer/BioNTech,84761026
France,2021-02,Oxford/AstraZeneca,2422025
France,2021-03,Moderna,14156286
France,2021-03,Oxford/AstraZeneca,43682934
France,2021-03,Pfizer/BioNTech,193051844
France,2021-04,Moderna,38937450
France,2021-04,Oxford/AstraZeneca,99572362
France,2021-04,Pfizer/BioNTech,366138002
France,2021-04,Johnson&Johnson,177864
France,2021-05,Johnson&Johnson,5247661
France,2021-05,Moderna,81971106
France,2021-05,Oxford/AstraZeneca,140505249
France,2021-05,Pfizer/BioNTech,700752854
France,2021-06,Johnson&Johnson,14096132
France,2021-06,Moderna,127921046
France,2021-06,Oxford/AstraZeneca,182997608
France,2021-06,Pfizer/BioNTech,1074969177
France,2021-07,Johnson&Johnson,22234154
France,2021-07,Moderna,190754884
France,2021-07,Oxford/AstraZeneca,230725858
France,2021-07,Pfizer/BioNTech,1567900017
France,2021-08,Johnson&Johnson,30572875
France,2021-08,Moderna,253272757
France,2021-08,Oxford/AstraZeneca,241521813
France,2021-08,Pfizer/BioNTech,2020235254
France,2021-09,Johnson&Johnson,31852695
France,2021-09,Moderna,296648783
France,2021-09,Oxford/AstraZeneca,234523897
France,2021-09,Pfizer/BioNTech,2219663992
France,2021-10,Johnson&Johnson,33307988
France,2021-10,Moderna,338894520
France,2021-10,Oxford/AstraZeneca,242543540
France,2021-10,Pfizer/BioNTech,2418588150
France,2021-11,Johnson&Johnson,32379313
France,2021-11,Moderna,340682320
France,2021-11,Oxford/AstraZeneca,234844974
France,2021-11,Pfizer/BioNTech,2469177649
France,2021-12,Johnson&Johnson,33558539
France,2021-12,Moderna,438775705
France,2021-12,Oxford/AstraZeneca,243034930
France,2021-12,Pfizer/BioNTech,2882083550
France,2022-01,Johnson&Johnson,33617073
France,2022-01,Moderna,641080740
France,2022-01,Oxford/AstraZeneca,243458267
France,2022-01,Pfizer/BioNTech,3159277432
France,2022-02,Johnson&Johnson,30393060
France,2022-02,Moderna,648935575
France,2022-02,Oxford/AstraZeneca,220018320
France,2022-02,Pfizer/BioNTech,3001732049
France,2022-03,Johnson&Johnson,30405203
France,2022-03,Moderna,657878981
France,2022-03,Oxford/AstraZeneca,220020031
France,2022-03,Pfizer/BioNTech,3047600957
Germany,2020-12,Johnson&Johnson,0
Germany,2020-12,Moderna,48
Germany,2020-12,Novavax,0
Germany,2020-12,Oxford/AstraZeneca,13
Germany,2020-12,Pfizer/BioNTech,524761
Germany,2021-01,Johnson&Johnson,787
Germany,2021-01,Moderna,498401
Germany,2021-01,Novavax,0
Germany,2021-01,Oxford/AstraZeneca,2400
Germany,2021-01,Pfizer/BioNTech,38510856
Germany,2021-02,Johnson&Johnson,1783
Germany,2021-02,Moderna,3196437
Germany,2021-02,Novavax,0
Germany,2021-02,Oxford/AstraZeneca,3691014
Germany,2021-02,Pfizer/BioNTech,116821559
Germany,2021-03,Johnson&Johnson,3234
Germany,2021-03,Moderna,13036187
Germany,2021-03,Novavax,0
Germany,2021-03,Oxford/AstraZeneca,56203490
Germany,2021-03,Pfizer/BioNTech,246271357
Germany,2021-04,Johnson&Johnson,11828
Germany,2021-04,Moderna,35457633
Germany,2021-04,Novavax,0
Germany,2021-04,Oxford/AstraZeneca,132534722
Germany,2021-04,Pfizer/BioNTech,466404209
Germany,2021-05,Johnson&Johnson,3945255
Germany,2021-05,Moderna,90615636
Germany,2021-05,Novavax,0
Germany,2021-05,Oxford/AstraZeneca,239939628
Germany,2021-05,Pfizer/BioNTech,927109235
Germany,2021-06,Johnson&Johnson,42133209
Germany,2021-06,Moderna,158720744
Germany,2021-06,Novavax,0
Germany,2021-06,Oxford/AstraZeneca,310574427
Germany,2021-06,Pfizer/BioNTech,1404667547
Germany,2021-07,Johnson&Johnson,69017012
Germany,2021-07,Moderna,239655130
Germany,2021-07,Novavax,0
Germany,2021-07,Oxford/AstraZeneca,379265702
Germany,2021-07,Pfizer/BioNTech,1961715427
Germany,2021-08,Johnson&Johnson,82415087
Germany,2021-08,Moderna,280166392
Germany,2021-08,Novavax,0
Germany,2021-08,Oxford/AstraZeneca,391592920
Germany,2021-08,Pfizer/BioNTech,2293373353
Germany,2021-09,Johnson&Johnson,91638322
Germany,2021-09,Moderna,286845699
Germany,2021-09,Novavax,0
Germany,2021-09,Oxford/AstraZeneca,380961331
Germany,2021-09,Pfizer/BioNTech,2401381325
Germany,2021-10,Johnson&Johnson,101409070
Germany,2021-10,Moderna,301679138
Germany,2021-10,Novavax,0
Germany,2021-10,Oxford/AstraZeneca,394229689
Germany,2021-10,Pfizer/BioNTech,2618149701
Germany,2021-11,Johnson&Johnson,101543155
Germany,2021-11,Moderna,299925812
Germany,2021-11,Novavax,0
Germany,2021-11,Oxford/AstraZeneca,381879159
Germany,2021-11,Pfizer/BioNTech,2720449962
Germany,2021-12,Johnson&Johnson,110221985
Germany,2021-12,Moderna,543185002
Germany,2021-12,Novavax,0
Germany,2021-12,Oxford/AstraZeneca,394966431
Germany,2021-12,Pfizer/BioNTech,3270606169
Germany,2022-01,Johnson&Johnson,111638279
Germany,2022-01,Moderna,806229204
Germany,2022-01,Novavax,0
Germany,2022-01,Oxford/AstraZeneca,395241568
Germany,2022-01,Pfizer/BioNTech,3605543872
Germany,2022-02,Johnson&Johnson,101381516
Germany,2022-02,Moderna,809256981
Germany,2022-02,Novavax,7670
Germany,2022-02,Oxford/AstraZeneca,357111800
Germany,2022-02,Pfizer/BioNTech,3444939105
Germany,2022-03,Johnson&Johnson,105168403
Germany,2022-03,Moderna,850701160
Germany,2022-03,Novavax,1340875
Germany,2022-03,Oxford/AstraZeneca,369944373
Germany,2022-03,Pfizer/BioNTech,3637176153
Hungary,2021-01,Pfizer/BioNTech,646210
Hungary,2021-01,Moderna,9444
Hungary,2021-02,Moderna,75689
Hungary,2021-02,Oxford/AstraZeneca,148933
Hungary,2021-02,Pfizer/BioNTech,2065429
Hungary,2021-02,Sputnik V,40190
Hungary,2021-02,Sinopharm/Beijing,162077
Hungary,2021-03,Moderna,296818
Hungary,2021-03,Oxford/AstraZeneca,1037638
Hungary,2021-03,Pfizer/BioNTech,3930630
Hungary,2021-03,Sinopharm/Beijing,2053360
Hungary,2021-03,Sputnik V,454673
Hungary,2021-04,Moderna,1144145
Hungary,2021-04,Oxford/AstraZeneca,2988753
Hungary,2021-04,Pfizer/BioNTech,9526402
Hungary,2021-04,Sinopharm/Beijing,5372188
Hungary,2021-04,Sputnik V,4389461
Hungary,2021-04,Johnson&Johnson,0
Hungary,2021-05,Johnson&Johnson,133339
Hungary,2021-05,Moderna,1768747
Hungary,2021-05,Oxford/AstraZeneca,3064898
Hungary,2021-05,Pfizer/BioNTech,12776157
Hungary,2021-05,Sinopharm/Beijing,6389496
Hungary,2021-05,Sputnik V,6457092
Hungary,2021-06,Johnson&Johnson,347975
Hungary,2021-06,Moderna,2401257
Hungary,2021-06,Oxford/AstraZeneca,3992772
Hungary,2021-06,Pfizer/BioNTech,16504904
Hungary,2021-06,Sinopharm/Beijing,7974939
Hungary,2021-06,Sputnik V,7076272
Hungary,2021-07,Johnson&Johnson,553041
Hungary,2021-07,Moderna,3364887
Hungary,2021-07,Oxford/AstraZeneca,6018942
Hungary,2021-07,Pfizer/BioNTech,23821468
Hungary,2021-07,Sinopharm/Beijing,10300383
Hungary,2021-07,Sputnik V,8956794
Hungary,2021-08,Johnson&Johnson,552249
Hungary,2021-08,Moderna,2740867
Hungary,2021-08,Oxford/AstraZeneca,4972914
Hungary,2021-08,Pfizer/BioNTech,20636650
Hungary,2021-08,Sinopharm/Beijing,8335098
Hungary,2021-08,Sputnik V,7192351
Hungary,2021-09,Johnson&Johnson,673614
Hungary,2021-09,Moderna,2838365
Hungary,2021-09,Oxford/AstraZeneca,4984360
Hungary,2021-09,Pfizer/BioNTech,22844417
Hungary,2021-09,Sinopharm/Beijing,8437756
Hungary,2021-09,Sputnik V,7213703
Hungary,2021-10,Johnson&Johnson,990558
Hungary,2021-10,Moderna,3739608
Hungary,2021-10,Oxford/AstraZeneca,6237861
Hungary,2021-10,Pfizer/BioNTech,31228951
Hungary,2021-10,Sinopharm/Beijing,10669339
Hungary,2021-10,Sputnik V,9033516
Hungary,2021-11,Johnson&Johnson,975282
Hungary,2021-11,Moderna,3310628
Hungary,2021-11,Oxford/AstraZeneca,4997367
Hungary,2021-11,Pfizer/BioNTech,28270607
Hungary,2021-11,Sinopharm/Beijing,8648159
Hungary,2021-11,Sputnik V,7229445
Hungary,2021-12,Johnson&Johnson,1508013
Hungary,2021-12,Moderna,4815522
Hungary,2021-12,Oxford/AstraZeneca,6256841
Hungary,2021-12,Pfizer/BioNTech,41523931
Hungary,2021-12,Sinopharm/Beijing,11115925
Hungary,2021-12,Sputnik V,9036960
Hungary,2022-01,Johnson&Johnson,1273939
Hungary,2022-01,Moderna,4049440
Hungary,2022-01,Oxford/AstraZeneca,5007655
Hungary,2022-01,Pfizer/BioNTech,35477877
Hungary,2022-01,Sinopharm/Beijing,9063685
Hungary,2022-02,Johnson&Johnson,1321933
Hungary,2022-02,Moderna,4165529
Hungary,2022-02,Oxford/AstraZeneca,5009190
Hungary,2022-02,Pfizer/BioNTech,36854198
Hungary,2022-02,Sinopharm/Beijing,9164693
Hungary,2022-03,Johnson&Johnson,1001197
Hungary,2022-03,Moderna,3140334
Hungary,2022-03,Oxford/AstraZeneca,3757122
Hungary,2022-03,Pfizer/BioNTech,27870626
Hungary,2022-03,Sinopharm/Beijing,6898663
Iceland,2022-01,Johnson&Johnson,1160
Iceland,2022-01,Moderna,67270
Iceland,2022-01,Oxford/AstraZeneca,26
Iceland,2022-01,Pfizer/BioNTech,852839
Iceland,2022-02,Johnson&Johnson,1986
Iceland,2022-02,Moderna,151217
Iceland,2022-02,Oxford/AstraZeneca,25
Iceland,2022-02,Pfizer/BioNTech,1755314
Iceland,2022-03,Johnson&Johnson,1767
Iceland,2022-03,Moderna,136353
Iceland,2022-03,Oxford/AstraZeneca,21
Iceland,2022-03,Pfizer/BioNTech,1592685
Ireland,2021-01,Pfizer/BioNTech,505576
Ireland,2021-01,Johnson&Johnson,1
Ireland,2021-01,Moderna,5887
Ireland,2021-01,Oxford/AstraZeneca,216
Ireland,2021-02,Johnson&Johnson,24
Ireland,2021-02,Moderna,20838
Ireland,2021-02,Oxford/AstraZeneca,128354
Ireland,2021-02,Pfizer/BioNTech,1247856
Ireland,2021-03,Johnson&Johnson,139
Ireland,2021-03,Moderna,92204
Ireland,2021-03,Oxford/AstraZeneca,542218
Ireland,2021-03,Pfizer/BioNTech,2120446
Ireland,2021-04,Johnson&Johnson,536
Ireland,2021-04,Moderna,308063
Ireland,2021-04,Oxford/AstraZeneca,1393554
Ireland,2021-04,Pfizer/BioNTech,4813008
Ireland,2021-05,Johnson&Johnson,99957
Ireland,2021-05,Moderna,569887
Ireland,2021-05,Oxford/AstraZeneca,2382518
Ireland,2021-05,Pfizer/BioNTech,6630688
Ireland,2021-06,Johnson&Johnson,296402
Ireland,2021-06,Moderna,1183965
Ireland,2021-06,Oxford/AstraZeneca,3143577
Ireland,2021-06,Pfizer/BioNTech,10050816
Ireland,2021-07,Johnson&Johnson,788107
Ireland,2021-07,Moderna,2327104
Ireland,2021-07,Oxford/AstraZeneca,5710805
Ireland,2021-07,Pfizer/BioNTech,17662348
Ireland,2021-08,Johnson&Johnson,921322
Ireland,2021-08,Moderna,2208361
Ireland,2021-08,Oxford/AstraZeneca,4765228
Ireland,2021-08,Pfizer/BioNTech,18204609
Ireland,2021-09,Johnson&Johnson,944470
Ireland,2021-09,Moderna,2280997
Ireland,2021-09,Oxford/AstraZeneca,4770661
Ireland,2021-09,Pfizer/BioNTech,20386562
Ireland,2021-10,Johnson&Johnson,1187411
Ireland,2021-10,Moderna,2858490
Ireland,2021-10,Oxford/AstraZeneca,5964907
Ireland,2021-10,Pfizer/BioNTech,27079531
Ireland,2021-11,Johnson&Johnson,950520
Ireland,2021-11,Moderna,2287140
Ireland,2021-11,Oxford/AstraZeneca,4772316
Ireland,2021-11,Pfizer/BioNTech,23677123
Ireland,2021-12,Johnson&Johnson,1188818
Ireland,2021-12,Moderna,3991064
Ireland,2021-12,Oxford/AstraZeneca,4772380
Ireland,2021-12,Pfizer/BioNTech,34496943
Ireland,2022-01,Johnson&Johnson,951569
Ireland,2022-01,Moderna,4617187
Ireland,2022-01,Oxford/AstraZeneca,4772423
Ireland,2022-01,Pfizer/BioNTech,30512270
Ireland,2022-02,Johnson&Johnson,951747
Ireland,2022-02,Moderna,4705696
Ireland,2022-02,Pfizer/BioNTech,31563027
Ireland,2022-02,Oxford/AstraZeneca,1193109
Ireland,2022-03,Johnson&Johnson,475910
Ireland,2022-03,Moderna,4707509
Ireland,2022-03,Pfizer/BioNTech,32095253
Italy,2020-12,Moderna,41
Italy,2020-12,Pfizer/BioNTech,81716
Italy,2021-01,Moderna,257718
Italy,2021-01,Pfizer/BioNTech,32466801
Italy,2021-01,Johnson&Johnson,66
Italy,2021-01,Oxford/AstraZeneca,44
Italy,2021-02,Moderna,2016045
Italy,2021-02,Oxford/AstraZeneca,2162829
Italy,2021-02,Pfizer/BioNTech,85719425
Italy,2021-02,Johnson&Johnson,95
Italy,2021-03,Johnson&Johnson,2846
Italy,2021-03,Moderna,10181070
Italy,2021-03,Oxford/AstraZeneca,36962897
Italy,2021-03,Pfizer/BioNTech,180261526
Italy,2021-04,Johnson&Johnson,237562
Italy,2021-04,Moderna,30671252
Italy,2021-04,Oxford/AstraZeneca,96061214
Italy,2021-04,Pfizer/BioNTech,324092450
Italy,2021-05,Johnson&Johnson,9646623
Italy,2021-05,Moderna,73194855
Italy,2021-05,Oxford/AstraZeneca,184357669
Italy,2021-05,Pfizer/BioNTech,598781680
Italy,2021-06,Johnson&Johnson,33191338
Italy,2021-06,Moderna,125057991
Italy,2021-06,Oxford/AstraZeneca,244622584
Italy,2021-06,Pfizer/BioNTech,918866129
Italy,2021-07,Johnson&Johnson,40294208
Italy,2021-07,Moderna,187171276
Italy,2021-07,Oxford/AstraZeneca,322399827
Italy,2021-07,Pfizer/BioNTech,1336550751
Italy,2021-08,Johnson&Johnson,43820019
Italy,2021-08,Moderna,255737312
Italy,2021-08,Oxford/AstraZeneca,371939810
Italy,2021-08,Pfizer/BioNTech,1626601002
Italy,2021-09,Johnson&Johnson,44105591
Italy,2021-09,Moderna,303123155
Italy,2021-09,Oxford/AstraZeneca,364441387
Italy,2021-09,Pfizer/BioNTech,1743956044
Italy,2021-10,Johnson&Johnson,46278520
Italy,2021-10,Moderna,344195447
Italy,2021-10,Oxford/AstraZeneca,377037086
Italy,2021-10,Pfizer/BioNTech,1948287109
Italy,2021-11,Johnson&Johnson,44971250
Italy,2021-11,Moderna,356020719
Italy,2021-11,Pfizer/BioNTech,2022514545
Italy,2021-11,Oxford/AstraZeneca,279805085
Italy,2021-12,Johnson&Johnson,46561639
Italy,2021-12,Moderna,534888630
Italy,2021-12,Pfizer/BioNTech,2275827586
Italy,2021-12,Oxford/AstraZeneca,121655197
Italy,2022-01,Johnson&Johnson,46657597
Italy,2022-01,Moderna,827826298
Italy,2022-01,Oxford/AstraZeneca,24331053
Italy,2022-01,Pfizer/BioNTech,2475211179
Italy,2022-02,Johnson&Johnson,42194278
Italy,2022-02,Moderna,906446075
Italy,2022-02,Pfizer/BioNTech,2409616852
Italy,2022-02,Novavax,1060
Italy,2022-03,Moderna,969165791
Italy,2022-03,Novavax,506842
Italy,2022-03,Pfizer/BioNTech,2553438280
Italy,2022-03,Johnson&Johnson,24115475
Latvia,2020-12,Moderna,23
Latvia,2020-12,Pfizer/BioNTech,6981
Latvia,2021-01,Pfizer/BioNTech,402605
Latvia,2021-01,Johnson&Johnson,6
Latvia,2021-01,Moderna,18657
Latvia,2021-01,Oxford/AstraZeneca,297
Latvia,2021-01,Sinopharm/Beijing,6
Latvia,2021-02,Moderna,83509
Latvia,2021-02,Oxford/AstraZeneca,206381
Latvia,2021-02,Pfizer/BioNTech,877576
Latvia,2021-02,Sinopharm/Beijing,22
Latvia,2021-02,Johnson&Johnson,9
Latvia,2021-02,Sinovac,1
Latvia,2021-03,Moderna,343531
Latvia,2021-03,Oxford/AstraZeneca,1705794
Latvia,2021-03,Pfizer/BioNTech,1127427
Latvia,2021-03,Johnson&Johnson,106
Latvia,2021-03,Sinovac,2
Latvia,2021-03,Sinopharm/Beijing,38
Latvia,2021-04,Johnson&Johnson,1475
Latvia,2021-04,Moderna,1242973
Latvia,2021-04,Oxford/AstraZeneca,3524657
Latvia,2021-04,Pfizer/BioNTech,1704541
Latvia,2021-04,Sinopharm/Beijing,54
Latvia,2021-04,Sinovac,18
Latvia,2021-05,Johnson&Johnson,188810
Latvia,2021-05,Moderna,3477741
Latvia,2021-05,Oxford/AstraZeneca,5320447
Latvia,2021-05,Pfizer/BioNTech,7577570
Latvia,2021-05,Sinopharm/Beijing,51
Latvia,2021-05,Sinovac,17
Latvia,2021-06,Johnson&Johnson,1142046
Latvia,2021-06,Moderna,5511872
Latvia,2021-06,Oxford/AstraZeneca,6723630
Latvia,2021-06,Pfizer/BioNTech,16035190
Latvia,2021-06,Sinopharm/Beijing,60
Latvia,2021-07,Johnson&Johnson,2486459
Latvia,2021-07,Moderna,6680292
Latvia,2021-07,Oxford/AstraZeneca,7993675
Latvia,2021-07,Pfizer/BioNTech,21173865
Latvia,2021-07,Sinopharm/Beijing,72
Latvia,2021-08,Johnson&Johnson,3251600
Latvia,2021-08,Moderna,7047227
Latvia,2021-08,Oxford/AstraZeneca,8097914
Latvia,2021-08,Pfizer/BioNTech,25034252
Latvia,2021-08,Sinopharm/Beijing,53
Latvia,2021-09,Johnson&Johnson,3468974
Latvia,2021-09,Moderna,7199575
Latvia,2021-09,Oxford/AstraZeneca,7847613
Latvia,2021-09,Pfizer/BioNTech,28113649
Latvia,2021-10,Johnson&Johnson,5641249
Latvia,2021-10,Moderna,8001710
Latvia,2021-10,Oxford/AstraZeneca,5758637
Latvia,2021-10,Pfizer/BioNTech,33680556
Latvia,2021-11,Johnson&Johnson,7707571
Latvia,2021-11,Moderna,10303303
Latvia,2021-11,Oxford/AstraZeneca,5766313
Latvia,2021-11,Pfizer/BioNTech,38243733
Latvia,2021-12,Johnson&Johnson,8661070
Latvia,2021-12,Moderna,15584352
Latvia,2021-12,Pfizer/BioNTech,43093636
Latvia,2021-12,Oxford/AstraZeneca,3936956
Latvia,2022-01,Moderna,19637478
Latvia,2022-01,Pfizer/BioNTech,46626471
Latvia,2022-01,Johnson&Johnson,8636858
Latvia,2022-01,Oxford/AstraZeneca,2625473
Latvia,2022-02,Johnson&Johnson,8170069
Latvia,2022-02,Moderna,19485579
Latvia,2022-02,Oxford/AstraZeneca,1575502
Latvia,2022-02,Pfizer/BioNTech,44239540
Latvia,2022-02,Novavax,4
Latvia,2022-03,Johnson&Johnson,7907553
Latvia,2022-03,Moderna,19825642
Latvia,2022-03,Novavax,2185
Latvia,2022-03,Pfizer/BioNTech,44873889
Latvia,2022-03,Oxford/AstraZeneca,525193
Liechtenstein,2021-01,Johnson&Johnson,0
Liechtenstein,2021-01,Moderna,394
Liechtenstein,2021-01,Pfizer/BioNTech,848
Liechtenstein,2021-02,Johnson&Johnson,0
Liechtenstein,2021-02,Moderna,3226
Liechtenstein,2021-02,Pfizer/BioNTech,3585
Liechtenstein,2021-03,Johnson&Johnson,0
Liechtenstein,2021-03,Moderna,8570
Liechtenstein,2021-03,Pfizer/BioNTech,8940
Liechtenstein,2021-04,Johnson&Johnson,0
Liechtenstein,2021-04,Moderna,23326
Liechtenstein,2021-04,Pfizer/BioNTech,25378
Liechtenstein,2021-05,Johnson&Johnson,0
Liechtenstein,2021-05,Moderna,38968
Liechtenstein,2021-05,Pfizer/BioNTech,33562
Liechtenstein,2021-06,Johnson&Johnson,0
Liechtenstein,2021-06,Moderna,72390
Liechtenstein,2021-06,Pfizer/BioNTech,41445
Liechtenstein,2021-07,Johnson&Johnson,0
Liechtenstein,2021-07,Moderna,131855
Liechtenstein,2021-07,Pfizer/BioNTech,57453
Liechtenstein,2021-08,Johnson&Johnson,0
Liechtenstein,2021-08,Moderna,117294
Liechtenstein,2021-08,Pfizer/BioNTech,50185
Liechtenstein,2021-09,Johnson&Johnson,0
Liechtenstein,2021-09,Moderna,124916
Liechtenstein,2021-09,Pfizer/BioNTech,56095
Liechtenstein,2021-10,Johnson&Johnson,108
Liechtenstein,2021-10,Moderna,167045
Liechtenstein,2021-10,Pfizer/BioNTech,74156
Liechtenstein,2021-11,Johnson&Johnson,672
Liechtenstein,2021-11,Moderna,140619
Liechtenstein,2021-11,Pfizer/BioNTech,60148
Liechtenstein,2021-12,Johnson&Johnson,1062
Liechtenstein,2021-12,Moderna,203422
Liechtenstein,2021-12,Pfizer/BioNTech,93740
Liechtenstein,2022-01,Johnson&Johnson,976
Liechtenstein,2022-01,Moderna,182430
Liechtenstein,2022-01,Pfizer/BioNTech,86758
Liechtenstein,2022-02,Johnson&Johnson,1043
Liechtenstein,2022-02,Moderna,187571
Liechtenstein,2022-02,Pfizer/BioNTech,90502
Liechtenstein,2022-03,Johnson&Johnson,785
Liechtenstein,2022-03,Moderna,141088
Liechtenstein,2022-03,Pfizer/BioNTech,68504
Lithuania,2021-01,Pfizer/BioNTech,234891
Lithuania,2021-01,Moderna,5794
Lithuania,2021-02,Moderna,31487
Lithuania,2021-02,Pfizer/BioNTech,619626
Lithuania,2021-02,Oxford/AstraZeneca,54546
Lithuania,2021-03,Moderna,107459
Lithuania,2021-03,Oxford/AstraZeneca,298521
Lithuania,2021-03,Pfizer/BioNTech,1126178
Lithuania,2021-04,Moderna,331492
Lithuania,2021-04,Oxford/AstraZeneca,902940
Lithuania,2021-04,Pfizer/BioNTech,2675100
Lithuania,2021-04,Johnson&Johnson,250
Lithuania,2021-05,Johnson&Johnson,32223
Lithuania,2021-05,Moderna,497182
Lithuania,2021-05,Oxford/AstraZeneca,1169983
Lithuania,2021-05,Pfizer/BioNTech,3833257
Lithuania,2021-06,Johnson&Johnson,148978
Lithuania,2021-06,Moderna,725514
Lithuania,2021-06,Oxford/AstraZeneca,1548487
Lithuania,2021-06,Pfizer/BioNTech,5495368
Lithuania,2021-07,Johnson&Johnson,341074
Lithuania,2021-07,Moderna,1077273
Lithuania,2021-07,Oxford/AstraZeneca,2416540
Lithuania,2021-07,Pfizer/BioNTech,8280075
Lithuania,2021-08,Johnson&Johnson,584396
Lithuania,2021-08,Moderna,949422
Lithuania,2021-08,Oxford/AstraZeneca,2108893
Lithuania,2021-08,Pfizer/BioNTech,7671617
Lithuania,2021-09,Johnson&Johnson,736906
Lithuania,2021-09,Moderna,1025940
Lithuania,2021-09,Oxford/AstraZeneca,2130120
Lithuania,2021-09,Pfizer/BioNTech,8555520
Lithuania,2021-10,Johnson&Johnson,1059567
Lithuania,2021-10,Moderna,1348828
Lithuania,2021-10,Oxford/AstraZeneca,2671827
Lithuania,2021-10,Pfizer/BioNTech,11443931
Lithuania,2021-11,Johnson&Johnson,962892
Lithuania,2021-11,Moderna,1103472
Lithuania,2021-11,Oxford/AstraZeneca,2143479
Lithuania,2021-11,Pfizer/BioNTech,9938537
Lithuania,2021-12,Johnson&Johnson,1352086
Lithuania,2021-12,Moderna,1466835
Lithuania,2021-12,Oxford/AstraZeneca,2681751
Lithuania,2021-12,Pfizer/BioNTech,14240812
Lithuania,2022-01,Johnson&Johnson,1162547
Lithuania,2022-01,Moderna,1280353
Lithuania,2022-01,Oxford/AstraZeneca,2145908
Lithuania,2022-01,Pfizer/BioNTech,12715940
Lithuania,2022-02,Johnson&Johnson,1175677
Lithuania,2022-02,Moderna,1307341
Lithuania,2022-02,Oxford/AstraZeneca,2145959
Lithuania,2022-02,Pfizer/BioNTech,13084204
Lithuania,2022-03,Johnson&Johnson,883701
Lithuania,2022-03,Moderna,983075
Lithuania,2022-03,Oxford/AstraZeneca,1609477
Lithuania,2022-03,Pfizer/BioNTech,9859265
Luxembourg,2021-01,Pfizer/BioNTech,17448
Luxembourg,2021-01,Moderna,698
Luxembourg,2021-02,Moderna,4837
Luxembourg,2021-02,Oxford/AstraZeneca,8593
Luxembourg,2021-02,Pfizer/BioNTech,64627
Luxembourg,2021-03,Moderna,13127
Luxembourg,2021-03,Oxford/AstraZeneca,34993
Luxembourg,2021-03,Pfizer/BioNTech,168955
Luxembourg,2021-04,Moderna,50241
Luxembourg,2021-04,Oxford/AstraZeneca,168645
Luxembourg,2021-04,Pfizer/BioNTech,482733
Luxembourg,2021-04,Johnson&Johnson,6871
Luxembourg,2021-05,Johnson&Johnson,35646
Luxembourg,2021-05,Moderna,104192
Luxembourg,2021-05,Oxford/AstraZeneca,215688
Luxembourg,2021-05,Pfizer/BioNTech,767772
Luxembourg,2021-06,Johnson&Johnson,73768
Luxembourg,2021-06,Moderna,163855
Luxembourg,2021-06,Oxford/AstraZeneca,326152
Luxembourg,2021-06,Pfizer/BioNTech,1199254
Luxembourg,2021-07,Johnson&Johnson,150850
Luxembourg,2021-07,Moderna,295140
Luxembourg,2021-07,Oxford/AstraZeneca,510517
Luxembourg,2021-07,Pfizer/BioNTech,2117722
Luxembourg,2021-08,Johnson&Johnson,135333
Luxembourg,2021-08,Moderna,276597
Luxembourg,2021-08,Oxford/AstraZeneca,419789
Luxembourg,2021-08,Pfizer/BioNTech,1948506
Luxembourg,2021-09,Johnson&Johnson,144863
Luxembourg,2021-09,Moderna,279617
Luxembourg,2021-09,Oxford/AstraZeneca,420734
Luxembourg,2021-09,Pfizer/BioNTech,2012272
Luxembourg,2021-10,Johnson&Johnson,190577
Luxembourg,2021-10,Moderna,350810
Luxembourg,2021-10,Oxford/AstraZeneca,526183
Luxembourg,2021-10,Pfizer/BioNTech,2636625
Luxembourg,2021-11,Johnson&Johnson,158171
Luxembourg,2021-11,Moderna,286195
Luxembourg,2021-11,Oxford/AstraZeneca,421026
Luxembourg,2021-11,Pfizer/BioNTech,2320016
Luxembourg,2021-12,Johnson&Johnson,203067
Luxembourg,2021-12,Moderna,707910
Luxembourg,2021-12,Oxford/AstraZeneca,526335
Luxembourg,2021-12,Pfizer/BioNTech,3179046
Luxembourg,2022-01,Johnson&Johnson,165395
Luxembourg,2022-01,Moderna,1034962
Luxembourg,2022-01,Oxford/AstraZeneca,421068
Luxembourg,2022-01,Pfizer/BioNTech,2688370
Luxembourg,2022-02,Johnson&Johnson,165966
Luxembourg,2022-02,Moderna,1177336
Luxembourg,2022-02,Oxford/AstraZeneca,421068
Luxembourg,2022-02,Pfizer/BioNTech,2771148
Luxembourg,2022-02,Novavax,0
Luxembourg,2022-03,Johnson&Johnson,166056
Luxembourg,2022-03,Moderna,1196741
Luxembourg,2022-03,Novavax,532
Luxembourg,2022-03,Oxford/AstraZeneca,421068
Luxembourg,2022-03,Pfizer/BioNTech,2786133
Malta,2021-01,Pfizer/BioNTech,61039
Malta,2021-01,Oxford/AstraZeneca,22
Malta,2021-01,Moderna,5
Malta,2021-02,Moderna,2909
Malta,2021-02,Oxford/AstraZeneca,19446
Malta,2021-02,Pfizer/BioNTech,225591
Malta,2021-02,Johnson&Johnson,5
Malta,2021-03,Moderna,16766
Malta,2021-03,Oxford/AstraZeneca,185106
Malta,2021-03,Pfizer/BioNTech,437336
Malta,2021-03,Johnson&Johnson,13
Malta,2021-04,Moderna,75677
Malta,2021-04,Oxford/AstraZeneca,471305
Malta,2021-04,Pfizer/BioNTech,945447
Malta,2021-04,Johnson&Johnson,20
Malta,2021-05,Johnson&Johnson,24445
Malta,2021-05,Moderna,104097
Malta,2021-05,Oxford/AstraZeneca,583478
Malta,2021-05,Pfizer/BioNTech,1218689
Malta,2021-06,Johnson&Johnson,46898
Malta,2021-06,Moderna,145227
Malta,2021-06,Oxford/AstraZeneca,753165
Malta,2021-06,Pfizer/BioNTech,1584066
Malta,2021-07,Johnson&Johnson,96543
Malta,2021-07,Moderna,211337
Malta,2021-07,Oxford/AstraZeneca,1113781
Malta,2021-07,Pfizer/BioNTech,2243709
Malta,2021-08,Johnson&Johnson,118206
Malta,2021-08,Moderna,171565
Malta,2021-08,Oxford/AstraZeneca,909818
Malta,2021-08,Pfizer/BioNTech,1937764
Malta,2021-09,Johnson&Johnson,122320
Malta,2021-09,Moderna,171994
Malta,2021-09,Oxford/AstraZeneca,910069
Malta,2021-09,Pfizer/BioNTech,1990731
Malta,2021-10,Johnson&Johnson,154884
Malta,2021-10,Moderna,220069
Malta,2021-10,Oxford/AstraZeneca,1137971
Malta,2021-10,Pfizer/BioNTech,2664896
Malta,2021-11,Johnson&Johnson,125674
Malta,2021-11,Moderna,272670
Malta,2021-11,Oxford/AstraZeneca,910570
Malta,2021-11,Pfizer/BioNTech,2257049
Malta,2021-12,Johnson&Johnson,159177
Malta,2021-12,Moderna,611114
Malta,2021-12,Oxford/AstraZeneca,1138406
Malta,2021-12,Pfizer/BioNTech,3079122
Malta,2022-01,Johnson&Johnson,128282
Malta,2022-01,Moderna,865606
Malta,2022-01,Oxford/AstraZeneca,910952
Malta,2022-01,Pfizer/BioNTech,2691521
Malta,2022-02,Johnson&Johnson,129011
Malta,2022-02,Moderna,926400
Malta,2022-02,Oxford/AstraZeneca,911124
Malta,2022-02,Pfizer/BioNTech,2793508
Malta,2022-03,Johnson&Johnson,96903
Malta,2022-03,Moderna,706705
Malta,2022-03,Oxford/AstraZeneca,683406
Malta,2022-03,Pfizer/BioNTech,2113596
Netherlands,2021-01,Johnson&Johnson,0
Netherlands,2021-01,Moderna,11455
Netherlands,2021-01,Novavax,0
Netherlands,2021-01,Oxford/AstraZeneca,0
Netherlands,2021-01,Pfizer/BioNTech,616834
Netherlands,2021-02,Johnson&Johnson,0
Netherlands,2021-02,Moderna,129909
Netherlands,2021-02,Novavax,0
Netherlands,2021-02,Oxford/AstraZeneca,251573
Netherlands,2021-02,Pfizer/BioNTech,3397891
Netherlands,2021-03,Johnson&Johnson,0
Netherlands,2021-03,Moderna,438043
Netherlands,2021-03,Novavax,0
Netherlands,2021-03,Oxford/AstraZeneca,1427350
Netherlands,2021-03,Pfizer/BioNTech,6422626
Netherlands,2021-04,Johnson&Johnson,57398
Netherlands,2021-04,Moderna,1310504
Netherlands,2021-04,Novavax,0
Netherlands,2021-04,Oxford/AstraZeneca,5184280
Netherlands,2021-04,Pfizer/BioNTech,15056588
Netherlands,2021-05,Johnson&Johnson,602351
Netherlands,2021-05,Moderna,2002562
Netherlands,2021-05,Novavax,0
Netherlands,2021-05,Oxford/AstraZeneca,6965714
Netherlands,2021-05,Pfizer/BioNTech,22762190
Netherlands,2021-06,Johnson&Johnson,1828434
Netherlands,2021-06,Moderna,3989963
Netherlands,2021-06,Novavax,0
Netherlands,2021-06,Oxford/AstraZeneca,9466863
Netherlands,2021-06,Pfizer/BioNTech,37127060
Netherlands,2021-07,Johnson&Johnson,3706878
Netherlands,2021-07,Moderna,8046504
Netherlands,2021-07,Novavax,0
Netherlands,2021-07,Oxford/AstraZeneca,13981627
Netherlands,2021-07,Pfizer/BioNTech,68928813
Netherlands,2021-08,Johnson&Johnson,3134726
Netherlands,2021-08,Moderna,7653603
Netherlands,2021-08,Novavax,0
Netherlands,2021-08,Oxford/AstraZeneca,11202422
Netherlands,2021-08,Pfizer/BioNTech,67485133
Netherlands,2021-09,Johnson&Johnson,3205866
Netherlands,2021-09,Moderna,7843816
Netherlands,2021-09,Novavax,0
Netherlands,2021-09,Oxford/AstraZeneca,11202565
Netherlands,2021-09,Pfizer/BioNTech,71014748
Netherlands,2021-10,Johnson&Johnson,4187049
Netherlands,2021-10,Moderna,9843921
Netherlands,2021-10,Novavax,0
Netherlands,2021-10,Oxford/AstraZeneca,14003745
Netherlands,2021-10,Pfizer/BioNTech,91296823
Netherlands,2021-11,Johnson&Johnson,3439343
Netherlands,2021-11,Moderna,7930429
Netherlands,2021-11,Novavax,0
Netherlands,2021-11,Oxford/AstraZeneca,11203217
Netherlands,2021-11,Pfizer/BioNTech,75146023
Netherlands,2021-12,Johnson&Johnson,4333594
Netherlands,2021-12,Moderna,16197367
Netherlands,2021-12,Novavax,0
Netherlands,2021-12,Oxford/AstraZeneca,14004077
Netherlands,2021-12,Pfizer/BioNTech,100628354
Netherlands,2022-01,Johnson&Johnson,3471545
Netherlands,2022-01,Moderna,24779021
Netherlands,2022-01,Novavax,0
Netherlands,2022-01,Oxford/AstraZeneca,11203284
Netherlands,2022-01,Pfizer/BioNTech,91253343
Netherlands,2022-02,Johnson&Johnson,3473318
Netherlands,2022-02,Moderna,25443434
Netherlands,2022-02,Novavax,0
Netherlands,2022-02,Oxford/AstraZeneca,11203295
Netherlands,2022-02,Pfizer/BioNTech,95067213
Netherlands,2022-03,Johnson&Johnson,2605489
Netherlands,2022-03,Moderna,19083743
Netherlands,2022-03,Novavax,323
Netherlands,2022-03,Oxford/AstraZeneca,8402472
Netherlands,2022-03,Pfizer/BioNTech,71880564
Norway,2021-01,Pfizer/BioNTech,288710
Norway,2021-01,Moderna,4520
Norway,2021-01,Oxford/AstraZeneca,160
Norway,2021-02,Moderna,45944
Norway,2021-02,Oxford/AstraZeneca,76597
Norway,2021-02,Pfizer/BioNTech,1348625
Norway,2021-03,Johnson&Johnson,469
Norway,2021-03,Moderna,159795
Norway,2021-03,Oxford/AstraZeneca,524209
Norway,2021-03,Pfizer/BioNTech,2393583
Norway,2021-04,Johnson&Johnson,2594
Norway,2021-04,Moderna,642738
Norway,2021-04,Oxford/AstraZeneca,705919
Norway,2021-04,Pfizer/BioNTech,5665235
Norway,2021-05,Johnson&Johnson,4019
Norway,2021-05,Moderna,914365
Norway,2021-05,Oxford/AstraZeneca,571689
Norway,2021-05,Pfizer/BioNTech,7895803
Norway,2021-06,Johnson&Johnson,8700
Norway,2021-06,Moderna,1574964
Norway,2021-06,Oxford/AstraZeneca,579512
Norway,2021-06,Pfizer/BioNTech,12006474
Norway,2021-07,Johnson&Johnson,23756
Norway,2021-07,Moderna,2797527
Norway,2021-07,Oxford/AstraZeneca,730807
Norway,2021-07,Pfizer/BioNTech,21180022
Norway,2021-08,Johnson&Johnson,23953
Norway,2021-08,Moderna,3387090
Norway,2021-08,Oxford/AstraZeneca,586820
Norway,2021-08,Pfizer/BioNTech,21055656
Norway,2021-09,Johnson&Johnson,25503
Norway,2021-09,Moderna,5644454
Norway,2021-09,Oxford/AstraZeneca,587854
Norway,2021-09,Pfizer/BioNTech,23913879
Norway,2021-10,Johnson&Johnson,32958
Norway,2021-10,Moderna,7789088
Norway,2021-10,Oxford/AstraZeneca,735466
Norway,2021-10,Pfizer/BioNTech,31345101
Norway,2021-11,Johnson&Johnson,27079
Norway,2021-11,Moderna,6375292
Norway,2021-11,Oxford/AstraZeneca,588716
Norway,2021-11,Pfizer/BioNTech,26459094
Norway,2021-12,Johnson&Johnson,34631
Norway,2021-12,Moderna,8681680
Norway,2021-12,Oxford/AstraZeneca,736295
Norway,2021-12,Pfizer/BioNTech,37487083
Norway,2022-01,Johnson&Johnson,28149
Norway,2022-01,Moderna,8437819
Norway,2022-01,Oxford/AstraZeneca,589296
Norway,2022-01,Pfizer/BioNTech,33419668
Norway,2022-02,Johnson&Johnson,28346
Norway,2022-02,Moderna,8991401
Norway,2022-02,Oxford/AstraZeneca,589429
Norway,2022-02,Pfizer/BioNTech,35099166
Norway,2022-03,Johnson&Johnson,21318
Norway,2022-03,Moderna,6781641
Norway,2022-03,Oxford/AstraZeneca,442106
Norway,2022-03,Pfizer/BioNTech,26499568
Poland,2021-01,Johnson&Johnson,0
Poland,2021-01,Moderna,4273
Poland,2021-01,Oxford/AstraZeneca,33
Poland,2021-01,Pfizer/BioNTech,2632030
Poland,2021-02,Johnson&Johnson,4
Poland,2021-02,Moderna,233977
Poland,2021-02,Oxford/AstraZeneca,440636
Poland,2021-02,Pfizer/BioNTech,9371120
Poland,2021-03,Johnson&Johnson,45
Poland,2021-03,Moderna,1122110
Poland,2021-03,Oxford/AstraZeneca,2706418
Poland,2021-03,Pfizer/BioNTech,15784186
Poland,2021-04,Johnson&Johnson,225860
Poland,2021-04,Moderna,3573144
Poland,2021-04,Oxford/AstraZeneca,8996710
Poland,2021-04,Pfizer/BioNTech,33097115
Poland,2021-05,Johnson&Johnson,1450105
Poland,2021-05,Moderna,6709519
Poland,2021-05,Oxford/AstraZeneca,11827405
Poland,2021-05,Pfizer/BioNTech,47867143
Poland,2021-06,Johnson&Johnson,3261218
Poland,2021-06,Moderna,10344784
Poland,2021-06,Oxford/AstraZeneca,16073897
Poland,2021-06,Pfizer/BioNTech,71220305
Poland,2021-07,Johnson&Johnson,5900076
Poland,2021-07,Moderna,14958117
Poland,2021-07,Oxford/AstraZeneca,25469320
Poland,2021-07,Pfizer/BioNTech,112028403
Poland,2021-08,Johnson&Johnson,6479292
Poland,2021-08,Moderna,12083776
Poland,2021-08,Oxford/AstraZeneca,21094366
Poland,2021-08,Pfizer/BioNTech,97674923
Poland,2021-09,Johnson&Johnson,7553935
Poland,2021-09,Moderna,12123355
Poland,2021-09,Oxford/AstraZeneca,21125354
Poland,2021-09,Pfizer/BioNTech,100632389
Poland,2021-10,Johnson&Johnson,10360241
Poland,2021-10,Moderna,15200365
Poland,2021-10,Oxford/AstraZeneca,26426289
Poland,2021-10,Pfizer/BioNTech,131404369
Poland,2021-11,Johnson&Johnson,9044953
Poland,2021-11,Moderna,12307456
Poland,2021-11,Novavax,0
Poland,2021-11,Oxford/AstraZeneca,21149659
Poland,2021-11,Pfizer/BioNTech,111777691
Poland,2021-12,Johnson&Johnson,12382589
Poland,2021-12,Moderna,16404794
Poland,2021-12,Novavax,0
Poland,2021-12,Oxford/AstraZeneca,26441409
Poland,2021-12,Pfizer/BioNTech,160290986
Poland,2022-01,Johnson&Johnson,10377917
Poland,2022-01,Moderna,14046343
Poland,2022-01,Novavax,0
Poland,2022-01,Oxford/AstraZeneca,21154823
Poland,2022-01,Pfizer/BioNTech,143412293
Poland,2022-02,Johnson&Johnson,10622013
Poland,2022-02,Moderna,14412944
Poland,2022-02,Novavax,0
Poland,2022-02,Oxford/AstraZeneca,21155598
Poland,2022-02,Pfizer/BioNTech,151486576
Poland,2022-03,Johnson&Johnson,10714942
Poland,2022-03,Moderna,14514506
Poland,2022-03,Novavax,11067
Poland,2022-03,Oxford/AstraZeneca,21155902
Poland,2022-03,Pfizer/BioNTech,153749436
Portugal,2021-01,Johnson&Johnson,98
Portugal,2021-01,Moderna,9284
Portugal,2021-01,Pfizer/BioNTech,892273
Portugal,2021-01,Sinopharm/Beijing,58
Portugal,2021-01,Oxford/AstraZeneca,1187
Portugal,2021-01,Sinovac,64
Portugal,2021-02,Johnson&Johnson,228
Portugal,2021-02,Moderna,82817
Portugal,2021-02,Oxford/AstraZeneca,180383
Portugal,2021-02,Pfizer/BioNTech,2446220
Portugal,2021-02,Sinopharm/Beijing,184
Portugal,2021-02,Sinovac,398
Portugal,2021-02,Covaxin,1
Portugal,2021-03,Johnson&Johnson,948
Portugal,2021-03,Moderna,316106
Portugal,2021-03,Oxford/AstraZeneca,951067
Portugal,2021-03,Pfizer/BioNTech,4312526
Portugal,2021-03,Sinopharm/Beijing,324
Portugal,2021-03,Sinovac,928
Portugal,2021-03,Covaxin,5
Portugal,2021-04,Johnson&Johnson,4754
Portugal,2021-04,Moderna,986427
Portugal,2021-04,Oxford/AstraZeneca,3016870
Portugal,2021-04,Pfizer/BioNTech,9687920
Portugal,2021-04,Sinopharm/Beijing,744
Portugal,2021-04,Sinovac,2635
Portugal,2021-04,Covaxin,9
Portugal,2021-05,Johnson&Johnson,211521
Portugal,2021-05,Moderna,1659180
Portugal,2021-05,Oxford/AstraZeneca,4534870
Portugal,2021-05,Pfizer/BioNTech,13652089
Portugal,2021-05,Sinopharm/Beijing,877
Portugal,2021-05,Sinovac,2967
Portugal,2021-05,Covaxin,13
Portugal,2021-06,Johnson&Johnson,858518
Portugal,2021-06,Moderna,2909196
Portugal,2021-06,Oxford/AstraZeneca,5605412
Portugal,2021-06,Pfizer/BioNTech,20411205
Portugal,2021-06,Sinopharm/Beijing,1381
Portugal,2021-06,Sinovac,3385
Portugal,2021-06,Covaxin,17
Portugal,2021-07,Johnson&Johnson,2378483
Portugal,2021-07,Moderna,5673180
Portugal,2021-07,Oxford/AstraZeneca,10012374
Portugal,2021-07,Pfizer/BioNTech,37166138
Portugal,2021-07,Sinopharm/Beijing,2654
Portugal,2021-07,Sinovac,5164
Portugal,2021-07,Covaxin,10
Portugal,2021-08,Johnson&Johnson,3928369
Portugal,2021-08,Moderna,6189948
Portugal,2021-08,Oxford/AstraZeneca,8843873
Portugal,2021-08,Pfizer/BioNTech,36155676
Portugal,2021-08,Sinopharm/Beijing,2878
Portugal,2021-08,Sinovac,5491
Portugal,2021-08,Covaxin,11
Portugal,2021-09,Johnson&Johnson,4497009
Portugal,2021-09,Moderna,7381927
Portugal,2021-09,Oxford/AstraZeneca,8920275
Portugal,2021-09,Pfizer/BioNTech,38746891
Portugal,2021-09,Sinopharm/Beijing,3378
Portugal,2021-09,Sinovac,6587
Portugal,2021-10,Johnson&Johnson,5658164
Portugal,2021-10,Moderna,9978179
Portugal,2021-10,Oxford/AstraZeneca,11206251
Portugal,2021-10,Pfizer/BioNTech,49786930
Portugal,2021-10,Sinopharm/Beijing,4574
Portugal,2021-10,Sinovac,8785
Portugal,2021-11,Johnson&Johnson,4530134
Portugal,2021-11,Moderna,8233984
Portugal,2021-11,Oxford/AstraZeneca,8978575
Portugal,2021-11,Pfizer/BioNTech,42679146
Portugal,2021-11,Sinopharm/Beijing,3794
Portugal,2021-11,Sinovac,7112
Portugal,2021-12,Johnson&Johnson,5663868
Portugal,2021-12,Moderna,11569949
Portugal,2021-12,Oxford/AstraZeneca,11226565
Portugal,2021-12,Pfizer/BioNTech,61124801
Portugal,2021-12,Sinopharm/Beijing,4802
Portugal,2021-12,Sinovac,7146
Portugal,2022-01,Johnson&Johnson,4531741
Portugal,2022-01,Moderna,11634454
Portugal,2022-01,Oxford/AstraZeneca,8982525
Portugal,2022-01,Pfizer/BioNTech,54584766
Portugal,2022-01,Sinopharm/Beijing,3864
Portugal,2022-01,Sinovac,5374
Portugal,2022-02,Johnson&Johnson,4532232
Portugal,2022-02,Moderna,13850406
Portugal,2022-02,Oxford/AstraZeneca,8983263
Portugal,2022-02,Pfizer/BioNTech,59065038
Portugal,2022-02,Sinovac,7186
Portugal,2022-02,Sinopharm/Beijing,971
Portugal,2022-02,Novavax,0
Portugal,2022-03,Johnson&Johnson,2266187
Portugal,2022-03,Moderna,10699318
Portugal,2022-03,Oxford/AstraZeneca,4491741
Portugal,2022-03,Pfizer/BioNTech,44898320
Portugal,2022-03,Sinovac,1800
Portugal,2022-03,Novavax,0
Romania,2020-12,Pfizer/BioNTech,21764
Romania,2021-01,Pfizer/BioNTech,8329266
Romania,2021-02,Pfizer/BioNTech,29452434
Romania,2021-02,Moderna,1183418
Romania,2021-02,Oxford/AstraZeneca,914354
Romania,2021-03,Oxford/AstraZeneca,7625058
Romania,2021-03,Pfizer/BioNTech,58369912
Romania,2021-03,Moderna,4375088
Romania,2021-04,Moderna,9806695
Romania,2021-04,Oxford/AstraZeneca,13630210
Romania,2021-04,Pfizer/BioNTech,99319236
Romania,2021-05,Moderna,17607275
Romania,2021-05,Oxford/AstraZeneca,21477158
Romania,2021-05,Pfizer/BioNTech,165549009
Romania,2021-05,Johnson&Johnson,1259307
Romania,2021-06,Johnson&Johnson,6646622
Romania,2021-06,Moderna,20739902
Romania,2021-06,Oxford/AstraZeneca,24763948
Romania,2021-06,Pfizer/BioNTech,204264169
Romania,2021-07,Johnson&Johnson,11292510
Romania,2021-07,Moderna,21552148
Romania,2021-07,Oxford/AstraZeneca,25289887
Romania,2021-07,Pfizer/BioNTech,218026588
Romania,2021-08,Johnson&Johnson,16545910
Romania,2021-08,Moderna,22528937
Romania,2021-08,Oxford/AstraZeneca,26229857
Romania,2021-08,Pfizer/BioNTech,232298179
Romania,2021-09,Johnson&Johnson,20385182
Romania,2021-09,Moderna,21978071
Romania,2021-09,Oxford/AstraZeneca,25419699
Romania,2021-09,Pfizer/BioNTech,230082580
Romania,2021-10,Johnson&Johnson,32421601
Romania,2021-10,Moderna,23877089
Romania,2021-10,Oxford/AstraZeneca,26308839
Romania,2021-10,Pfizer/BioNTech,266765119
Romania,2021-11,Johnson&Johnson,50975927
Romania,2021-11,Moderna,25747812
Romania,2021-11,Oxford/AstraZeneca,849225
Romania,2021-11,Pfizer/BioNTech,314613578
Romania,2021-12,Johnson&Johnson,58475633
Romania,2021-12,Moderna,28977996
Romania,2021-12,Pfizer/BioNTech,365654372
Romania,2021-12,Oxford/AstraZeneca,13590945
Romania,2022-01,Johnson&Johnson,61555630
Romania,2022-01,Moderna,30217145
Romania,2022-01,Pfizer/BioNTech,382891560
Romania,2022-01,Oxford/AstraZeneca,11893457
Romania,2022-02,Johnson&Johnson,56906754
Romania,2022-02,Moderna,27965741
Romania,2022-02,Pfizer/BioNTech,355755368
Romania,2022-02,Oxford/AstraZeneca,5097335
Romania,2022-03,Johnson&Johnson,57296761
Romania,2022-03,Moderna,28131239
Romania,2022-03,Pfizer/BioNTech,358851465
Slovakia,2021-01,Pfizer/BioNTech,343503
Slovakia,2021-01,Moderna,72
Slovakia,2021-02,Moderna,48834
Slovakia,2021-02,Oxford/AstraZeneca,87976
Slovakia,2021-02,Pfizer/BioNTech,1199525
Slovakia,2021-03,Moderna,151398
Slovakia,2021-03,Oxford/AstraZeneca,619135
Slovakia,2021-03,Pfizer/BioNTech,2127476
Slovakia,2021-03,Sputnik V,0
Slovakia,2021-04,Moderna,506336
Slovakia,2021-04,Oxford/AstraZeneca,1710762
Slovakia,2021-04,Pfizer/BioNTech,4367712
Slovakia,2021-04,Johnson&Johnson,0
Slovakia,2021-05,Moderna,862452
Slovakia,2021-05,Oxford/AstraZeneca,2103410
Slovakia,2021-05,Pfizer/BioNTech,5811200
Slovakia,2021-05,Johnson&Johnson,0
Slovakia,2021-06,Johnson&Johnson,354
Slovakia,2021-06,Moderna,1309277
Slovakia,2021-06,Oxford/AstraZeneca,2754995
Slovakia,2021-06,Pfizer/BioNTech,8589064
Slovakia,2021-06,Sputnik V,23537
Slovakia,2021-07,Johnson&Johnson,105897
Slovakia,2021-07,Moderna,2084299
Slovakia,2021-07,Oxford/AstraZeneca,4123253
Slovakia,2021-07,Pfizer/BioNTech,13601846
Slovakia,2021-07,Sputnik V,134433
Slovakia,2021-08,Johnson&Johnson,217017
Slovakia,2021-08,Moderna,1847845
Slovakia,2021-08,Oxford/AstraZeneca,3369219
Slovakia,2021-08,Pfizer/BioNTech,11987982
Slovakia,2021-08,Sputnik V,147154
Slovakia,2021-09,Johnson&Johnson,301502
Slovakia,2021-09,Moderna,1909587
Slovakia,2021-09,Oxford/AstraZeneca,2527888
Slovakia,2021-09,Pfizer/BioNTech,12496856
Slovakia,2021-09,Sputnik V,37709
Slovakia,2021-10,Johnson&Johnson,468248
Slovakia,2021-10,Moderna,2431515
Slovakia,2021-10,Oxford/AstraZeneca,3371086
Slovakia,2021-10,Pfizer/BioNTech,16156197
Slovakia,2021-11,Johnson&Johnson,504930
Slovakia,2021-11,Moderna,2057662
Slovakia,2021-11,Pfizer/BioNTech,14244151
Slovakia,2021-12,Johnson&Johnson,817416
Slovakia,2021-12,Moderna,2904586
Slovakia,2021-12,Pfizer/BioNTech,21018336
Slovakia,2021-12,Sputnik V,37711
Slovakia,2022-01,Johnson&Johnson,701090
Slovakia,2022-01,Moderna,2586404
Slovakia,2022-01,Pfizer/BioNTech,19340969
Slovakia,2022-01,Oxford/AstraZeneca,1685562
Slovakia,2022-02,Johnson&Johnson,728835
Slovakia,2022-02,Moderna,2677047
Slovakia,2022-02,Pfizer/BioNTech,20185545
Slovakia,2022-03,Johnson&Johnson,732579
Slovakia,2022-03,Moderna,2687279
Slovakia,2022-03,Novavax,660
Slovakia,2022-03,Oxford/AstraZeneca,842782
Slovakia,2022-03,Pfizer/BioNTech,20308468
Slovenia,2021-01,Pfizer/BioNTech,218337
Slovenia,2021-01,Moderna,973
Slovenia,2021-02,Moderna,13492
Slovenia,2021-02,Pfizer/BioNTech,493395
Slovenia,2021-02,Oxford/AstraZeneca,21901
Slovenia,2021-03,Moderna,57705
Slovenia,2021-03,Oxford/AstraZeneca,208828
Slovenia,2021-03,Pfizer/BioNTech,814464
Slovenia,2021-04,Moderna,258047
Slovenia,2021-04,Oxford/AstraZeneca,555420
Slovenia,2021-04,Pfizer/BioNTech,1760241
Slovenia,2021-04,Johnson&Johnson,72
Slovenia,2021-05,Johnson&Johnson,48490
Slovenia,2021-05,Moderna,383794
Slovenia,2021-05,Oxford/AstraZeneca,714588
Slovenia,2021-05,Pfizer/BioNTech,2401568
Slovenia,2021-06,Johnson&Johnson,161694
Slovenia,2021-06,Moderna,557437
Slovenia,2021-06,Oxford/AstraZeneca,1082200
Slovenia,2021-06,Pfizer/BioNTech,3444000
Slovenia,2021-07,Johnson&Johnson,321087
Slovenia,2021-07,Moderna,863830
Slovenia,2021-07,Oxford/AstraZeneca,1558417
Slovenia,2021-07,Pfizer/BioNTech,5211093
Slovenia,2021-08,Johnson&Johnson,363363
Slovenia,2021-08,Moderna,729010
Slovenia,2021-08,Oxford/AstraZeneca,1287416
Slovenia,2021-08,Pfizer/BioNTech,4693089
Slovenia,2021-09,Johnson&Johnson,467091
Slovenia,2021-09,Moderna,750902
Slovenia,2021-09,Oxford/AstraZeneca,1296040
Slovenia,2021-09,Pfizer/BioNTech,5239622
Slovenia,2021-10,Johnson&Johnson,680474
Slovenia,2021-10,Moderna,968324
Slovenia,2021-10,Oxford/AstraZeneca,1623481
Slovenia,2021-10,Pfizer/BioNTech,7398945
Slovenia,2021-11,Johnson&Johnson,544510
Slovenia,2021-11,Moderna,819756
Slovenia,2021-11,Oxford/AstraZeneca,1299290
Slovenia,2021-11,Pfizer/BioNTech,6836791
Slovenia,2021-12,Moderna,1094352
Slovenia,2021-12,Oxford/AstraZeneca,1299405
Slovenia,2021-12,Pfizer/BioNTech,9808984
Slovenia,2021-12,Johnson&Johnson,544569
Slovenia,2022-01,Johnson&Johnson,544645
Slovenia,2022-01,Moderna,926557
Slovenia,2022-01,Oxford/AstraZeneca,1299463
Slovenia,2022-01,Pfizer/BioNTech,8609867
Slovenia,2022-02,Johnson&Johnson,408519
Slovenia,2022-02,Moderna,942964
Slovenia,2022-02,Oxford/AstraZeneca,649745
Slovenia,2022-02,Pfizer/BioNTech,8904052
Slovenia,2022-03,Moderna,709916
Slovenia,2022-03,Novavax,51
Slovenia,2022-03,Oxford/AstraZeneca,649750
Slovenia,2022-03,Pfizer/BioNTech,6730770
Spain,2021-01,Johnson&Johnson,0
Spain,2021-01,Moderna,62605
Spain,2021-01,Oxford/AstraZeneca,0
Spain,2021-01,Pfizer/BioNTech,4201601
Spain,2021-02,Johnson&Johnson,0
Spain,2021-02,Moderna,440718
Spain,2021-02,Oxford/AstraZeneca,549526
Spain,2021-02,Pfizer/BioNTech,10924001
Spain,2021-03,Johnson&Johnson,0
Spain,2021-03,Moderna,1250762
Spain,2021-03,Oxford/AstraZeneca,4125613
Spain,2021-03,Pfizer/BioNTech,19398268
Spain,2021-04,Johnson&Johnson,166195
Spain,2021-04,Moderna,4053917
Spain,2021-04,Oxford/AstraZeneca,15417465
Spain,2021-04,Pfizer/BioNTech,45495477
Spain,2021-05,Johnson&Johnson,1193057
Spain,2021-05,Moderna,7767356
Spain,2021-05,Oxford/AstraZeneca,19624995
Spain,2021-05,Pfizer/BioNTech,65786830
Spain,2021-06,Johnson&Johnson,3777075
Spain,2021-06,Moderna,13246058
Spain,2021-06,Oxford/AstraZeneca,24550402
Spain,2021-06,Pfizer/BioNTech,99312477
Spain,2021-07,Johnson&Johnson,8127646
Spain,2021-07,Moderna,25290946
Spain,2021-07,Oxford/AstraZeneca,44564923
Spain,2021-07,Pfizer/BioNTech,177907996
Spain,2021-08,Johnson&Johnson,7676313
Spain,2021-08,Moderna,29221412
Spain,2021-08,Oxford/AstraZeneca,38884030
Spain,2021-08,Pfizer/BioNTech,175003542
Spain,2021-09,Johnson&Johnson,7835698
Spain,2021-09,Moderna,34471543
Spain,2021-09,Oxford/AstraZeneca,39105026
Spain,2021-09,Pfizer/BioNTech,194433646
Spain,2021-10,Johnson&Johnson,9870761
Spain,2021-10,Moderna,45256432
Spain,2021-10,Oxford/AstraZeneca,48951755
Spain,2021-10,Pfizer/BioNTech,252566202
Spain,2021-11,Johnson&Johnson,7917391
Spain,2021-11,Moderna,38423261
Spain,2021-11,Oxford/AstraZeneca,39168803
Spain,2021-11,Pfizer/BioNTech,214037900
Spain,2021-12,Johnson&Johnson,9899343
Spain,2021-12,Moderna,67793859
Spain,2021-12,Oxford/AstraZeneca,48961229
Spain,2021-12,Pfizer/BioNTech,290330692
Spain,2022-01,Johnson&Johnson,7920036
Spain,2022-01,Moderna,78815705
Spain,2022-01,Oxford/AstraZeneca,39169205
Spain,2022-01,Pfizer/BioNTech,245702649
Spain,2022-02,Johnson&Johnson,7920275
Spain,2022-02,Moderna,91802111
Spain,2022-02,Oxford/AstraZeneca,39169257
Spain,2022-02,Pfizer/BioNTech,254800673
Spain,2022-03,Johnson&Johnson,5940365
Spain,2022-03,Moderna,70520418
Spain,2022-03,Oxford/AstraZeneca,29376955
Spain,2022-03,Pfizer/BioNTech,194635005
Sweden,2021-01,Moderna,13524
Sweden,2021-01,Novavax,0
Sweden,2021-01,Oxford/AstraZeneca,0
Sweden,2021-01,Pfizer/BioNTech,671930
Sweden,2021-02,Moderna,119306
Sweden,2021-02,Novavax,0
Sweden,2021-02,Oxford/AstraZeneca,125597
Sweden,2021-02,Pfizer/BioNTech,2124357
Sweden,2021-03,Moderna,395459
Sweden,2021-03,Novavax,0
Sweden,2021-03,Oxford/AstraZeneca,836417
Sweden,2021-03,Pfizer/BioNTech,3918605
Sweden,2021-04,Moderna,1164540
Sweden,2021-04,Novavax,0
Sweden,2021-04,Oxford/AstraZeneca,2696408
Sweden,2021-04,Pfizer/BioNTech,9369148
Sweden,2021-05,Moderna,1692885
Sweden,2021-05,Novavax,0
Sweden,2021-05,Oxford/AstraZeneca,3114654
Sweden,2021-05,Pfizer/BioNTech,13633414
Sweden,2021-06,Moderna,2687404
Sweden,2021-06,Novavax,0
Sweden,2021-06,Oxford/AstraZeneca,4069006
Sweden,2021-06,Pfizer/BioNTech,21032597
Sweden,2021-07,Moderna,5009158
Sweden,2021-07,Novavax,0
Sweden,2021-07,Oxford/AstraZeneca,6516660
Sweden,2021-07,Pfizer/BioNTech,37254135
Sweden,2021-08,Moderna,5413535
Sweden,2021-08,Novavax,0
Sweden,2021-08,Oxford/AstraZeneca,5308238
Sweden,2021-08,Pfizer/BioNTech,36189473
Sweden,2021-09,Moderna,6609593
Sweden,2021-09,Novavax,0
Sweden,2021-09,Oxford/AstraZeneca,5314480
Sweden,2021-09,Pfizer/BioNTech,40522815
Sweden,2021-10,Moderna,9141744
Sweden,2021-10,Novavax,0
Sweden,2021-10,Oxford/AstraZeneca,6643100
Sweden,2021-10,Pfizer/BioNTech,53089386
Sweden,2021-11,Moderna,7860298
Sweden,2021-11,Novavax,0
Sweden,2021-11,Oxford/AstraZeneca,5314560
Sweden,2021-11,Pfizer/BioNTech,45249908
Sweden,2021-12,Moderna,11306556
Sweden,2021-12,Novavax,0
Sweden,2021-12,Oxford/AstraZeneca,6643200
Sweden,2021-12,Pfizer/BioNTech,63060670
Sweden,2022-01,Moderna,10891399
Sweden,2022-01,Novavax,0
Sweden,2022-01,Oxford/AstraZeneca,5314560
Sweden,2022-01,Pfizer/BioNTech,54369312
Sweden,2022-02,Moderna,13253481
Sweden,2022-02,Novavax,0
Sweden,2022-02,Oxford/AstraZeneca,5314560
Sweden,2022-02,Pfizer/BioNTech,57619615
Sweden,2022-03,Moderna,10307807
Sweden,2022-03,Novavax,123
Sweden,2022-03,Oxford/AstraZeneca,3985920
Sweden,2022-03,Pfizer/BioNTech,43987907
Switzerland,2020-12,Johnson&Johnson,11
Switzerland,2020-12,Pfizer/BioNTech,23788
Switzerland,2020-12,Moderna,17
Switzerland,2021-01,Johnson&Johnson,31
Switzerland,2021-01,Moderna,800776
Switzerland,2021-01,Pfizer/BioNTech,3043319
Switzerland,2021-02,Johnson&Johnson,28
Switzerland,2021-02,Moderna,6969125
Switzerland,2021-02,Pfizer/BioNTech,9251886
Switzerland,2021-03,Johnson&Johnson,55
Switzerland,2021-03,Moderna,17760379
Switzerland,2021-03,Pfizer/BioNTech,19160165
Switzerland,2021-04,Johnson&Johnson,92
Switzerland,2021-04,Moderna,30901349
Switzerland,2021-04,Pfizer/BioNTech,32197573
Switzerland,2021-05,Johnson&Johnson,178
Switzerland,2021-05,Moderna,63557462
Switzerland,2021-05,Pfizer/BioNTech,57024084
Switzerland,2021-06,Johnson&Johnson,337
Switzerland,2021-06,Moderna,116126350
Switzerland,2021-06,Pfizer/BioNTech,76383564
Switzerland,2021-07,Johnson&Johnson,372
Switzerland,2021-07,Moderna,170357549
Switzerland,2021-07,Pfizer/BioNTech,90671189
Switzerland,2021-08,Johnson&Johnson,396
Switzerland,2021-08,Moderna,191547231
Switzerland,2021-08,Pfizer/BioNTech,97795660
Switzerland,2021-09,Johnson&Johnson,433
Switzerland,2021-09,Moderna,199192168
Switzerland,2021-09,Pfizer/BioNTech,102875672
Switzerland,2021-10,Johnson&Johnson,296655
Switzerland,2021-10,Moderna,219845680
Switzerland,2021-10,Pfizer/BioNTech,115585039
Switzerland,2021-11,Johnson&Johnson,934236
Switzerland,2021-11,Moderna,222753570
Switzerland,2021-11,Pfizer/BioNTech,119455759
Switzerland,2021-12,Johnson&Johnson,1492596
Switzerland,2021-12,Moderna,255346664
Switzerland,2021-12,Pfizer/BioNTech,144979747
Switzerland,2022-01,Johnson&Johnson,1754657
Switzerland,2022-01,Moderna,287575217
Switzerland,2022-01,Pfizer/BioNTech,166554866
Switzerland,2022-02,Johnson&Johnson,1654924
Switzerland,2022-02,Moderna,271525472
Switzerland,2022-02,Pfizer/BioNTech,160011752
Switzerland,2022-03,Johnson&Johnson,1674173
Switzerland,2022-03,Moderna,272966647
Switzerland,2022-03,Pfizer/BioNTech,161899469
Ukraine,2021-02,Oxford/AstraZeneca,10830
Ukraine,2021-03,Oxford/AstraZeneca,2848458
Ukraine,2021-04,Oxford/AstraZeneca,12546269
Ukraine,2021-04,Sinovac,425187
Ukraine,2021-04,Pfizer/BioNTech,296270
Ukraine,2021-05,Oxford/AstraZeneca,24305731
Ukraine,2021-05,Pfizer/BioNTech,2315706
Ukraine,2021-05,Sinovac,3165436
Ukraine,2021-05,Johnson&Johnson,2225
Ukraine,2021-06,Johnson&Johnson,11202
Ukraine,2021-06,Oxford/AstraZeneca,29951285
Ukraine,2021-06,Pfizer/BioNTech,12459831
Ukraine,2021-06,Sinovac,14115952
Ukraine,2021-07,Johnson&Johnson,13838
Ukraine,2021-07,Oxford/AstraZeneca,42306697
Ukraine,2021-07,Pfizer/BioNTech,42399170
Ukraine,2021-07,Sinovac,38196728
Ukraine,2021-07,Moderna,2015701
Ukraine,2021-08,Johnson&Johnson,344665
Ukraine,2021-08,Moderna,30983183
Ukraine,2021-08,Oxford/AstraZeneca,52215366
Ukraine,2021-08,Pfizer/BioNTech,82549335
Ukraine,2021-08,Sinovac,67019989
Ukraine,2021-09,Johnson&Johnson,596296
Ukraine,2021-09,Moderna,60331919
Ukraine,2021-09,Oxford/AstraZeneca,59201517
Ukraine,2021-09,Pfizer/BioNTech,120334275
Ukraine,2021-09,Sinovac,92491144
Ukraine,2021-10,Johnson&Johnson,641080
Ukraine,2021-10,Moderna,66151892
Ukraine,2021-10,Oxford/AstraZeneca,79814616
Ukraine,2021-10,Pfizer/BioNTech,183355200
Ukraine,2021-10,Sinovac,128637750
Ukraine,2021-11,Johnson&Johnson,620400
Ukraine,2021-11,Moderna,65826580
Ukraine,2021-11,Oxford/AstraZeneca,104166650
Ukraine,2021-11,Pfizer/BioNTech,271351598
Ukraine,2021-11,Sinovac,201476967
Ukraine,2021-12,Johnson&Johnson,641080
Ukraine,2021-12,Moderna,80347214
Ukraine,2021-12,Oxford/AstraZeneca,120878254
Ukraine,2021-12,Pfizer/BioNTech,360567209
Ukraine,2021-12,Sinovac,273486364
Ukraine,2022-01,Johnson&Johnson,641080
Ukraine,2022-01,Moderna,88995356
Ukraine,2022-01,Oxford/AstraZeneca,124106142
Ukraine,2022-01,Pfizer/BioNTech,405113240
Ukraine,2022-01,Sinovac,292477910
Ukraine,2022-02,Johnson&Johnson,475640
Ukraine,2022-02,Moderna,69101513
Ukraine,2022-02,Oxford/AstraZeneca,92779987
Ukraine,2022-02,Pfizer/BioNTech,329343356
Ukraine,2022-02,Sinovac,223215695
